Date,Open,High,Low,Close,Volume,OpenInt,Company
6/28/2010,17.0,17.0,17.0,17.0,0,0,Tesla
6/29/2010,19.0,25.0,17.54,23.89,18783276,0,Tesla
6/30/2010,25.79,30.42,23.3,23.83,17194394,0,Tesla
7/1/2010,25.0,25.92,20.27,21.96,8229863,0,Tesla
7/2/2010,23.0,23.1,18.71,19.2,5141807,0,Tesla
7/6/2010,20.0,20.0,15.83,16.11,6879296,0,Tesla
7/7/2010,16.4,16.63,14.98,15.8,6924914,0,Tesla
7/8/2010,16.14,17.52,15.57,17.46,7719539,0,Tesla
7/9/2010,17.58,17.9,16.55,17.4,4058606,0,Tesla
7/12/2010,17.95,18.07,17.0,17.05,2203570,0,Tesla
7/13/2010,17.39,18.64,16.9,18.14,2680060,0,Tesla
7/14/2010,17.94,20.15,17.76,19.84,4196110,0,Tesla
7/15/2010,19.94,21.5,19.0,19.89,3745297,0,Tesla
7/16/2010,20.7,21.3,20.05,20.64,2621210,0,Tesla
7/19/2010,21.37,22.25,20.92,21.91,2486489,0,Tesla
7/20/2010,21.85,21.85,20.05,20.3,1825231,0,Tesla
7/21/2010,20.66,20.9,19.5,20.22,1253442,0,Tesla
7/22/2010,20.5,21.25,20.37,21.0,962345,0,Tesla
7/23/2010,21.19,21.56,21.06,21.29,654049,0,Tesla
7/26/2010,21.5,21.5,20.3,20.95,922453,0,Tesla
7/27/2010,20.91,21.18,20.26,20.55,619675,0,Tesla
7/28/2010,20.55,20.9,20.51,20.72,467183,0,Tesla
7/29/2010,20.77,20.88,20.0,20.35,615910,0,Tesla
7/30/2010,20.2,20.44,19.55,19.94,426830,0,Tesla
8/2/2010,20.5,20.97,20.33,20.92,719145,0,Tesla
8/3/2010,21.0,21.95,20.82,21.95,1231023,0,Tesla
8/4/2010,21.95,22.18,20.85,21.26,920756,0,Tesla
8/5/2010,21.54,21.55,20.05,20.45,796380,0,Tesla
8/6/2010,20.1,20.16,19.52,19.59,742138,0,Tesla
8/9/2010,19.9,19.98,19.45,19.6,812656,0,Tesla
8/10/2010,19.65,19.65,18.82,19.03,1281286,0,Tesla
8/11/2010,18.69,18.88,17.85,17.9,797650,0,Tesla
8/12/2010,17.8,17.9,17.39,17.6,691281,0,Tesla
8/13/2010,18.18,18.45,17.66,18.32,634513,0,Tesla
8/16/2010,18.45,18.8,18.26,18.78,486211,0,Tesla
8/17/2010,18.96,19.4,18.78,19.15,447881,0,Tesla
8/18/2010,19.59,19.59,18.6,18.77,601332,0,Tesla
8/19/2010,18.54,19.25,18.33,18.79,579082,0,Tesla
8/20/2010,18.65,19.11,18.51,19.1,297499,0,Tesla
8/23/2010,19.09,20.39,19.0,20.13,1088029,0,Tesla
8/24/2010,19.25,19.71,18.95,19.2,673074,0,Tesla
8/25/2010,19.16,19.98,18.56,19.9,503289,0,Tesla
8/26/2010,19.89,20.27,19.6,19.75,433736,0,Tesla
8/27/2010,19.75,19.87,19.5,19.7,378145,0,Tesla
8/30/2010,19.7,20.19,19.61,19.87,732731,0,Tesla
8/31/2010,19.66,19.79,19.33,19.48,201012,0,Tesla
9/1/2010,19.62,20.69,19.6,20.45,494885,0,Tesla
9/2/2010,20.37,21.24,20.31,21.06,487060,0,Tesla
9/3/2010,20.87,21.3,20.66,21.05,425956,0,Tesla
9/7/2010,20.61,21.0,20.5,20.54,243335,0,Tesla
9/8/2010,20.66,20.95,20.6,20.9,288382,0,Tesla
9/9/2010,21.0,21.05,20.69,20.71,376197,0,Tesla
9/10/2010,20.75,20.93,19.76,20.17,385689,0,Tesla
9/13/2010,20.89,20.9,20.5,20.72,360703,0,Tesla
9/14/2010,20.54,21.6,20.53,21.12,654629,0,Tesla
9/15/2010,20.98,22.0,20.79,21.98,684558,0,Tesla
9/16/2010,22.15,23.16,20.84,20.94,2685480,0,Tesla
9/17/2010,21.02,21.32,19.8,20.23,1174860,0,Tesla
9/20/2010,20.67,21.35,20.16,21.05,947475,0,Tesla
9/21/2010,20.89,21.55,20.67,20.77,796000,0,Tesla
9/22/2010,20.87,20.95,19.8,19.87,962816,0,Tesla
9/23/2010,19.89,20.14,19.5,19.56,668076,0,Tesla
9/24/2010,19.95,20.19,19.65,20.1,573187,0,Tesla
9/27/2010,20.4,20.81,20.05,20.53,418597,0,Tesla
9/28/2010,21.04,21.49,20.76,21.4,1214465,0,Tesla
9/29/2010,21.19,22.03,21.13,21.98,1969457,0,Tesla
9/30/2010,22.0,22.15,20.19,20.41,2196625,0,Tesla
10/1/2010,20.69,20.75,20.31,20.6,522518,0,Tesla
10/4/2010,20.43,21.17,20.3,20.99,643599,0,Tesla
10/5/2010,21.15,21.28,21.01,21.12,331936,0,Tesla
10/6/2010,21.06,21.26,20.32,20.46,313357,0,Tesla
10/7/2010,20.57,20.64,20.34,20.43,140920,0,Tesla
10/8/2010,20.43,20.79,20.39,20.43,266219,0,Tesla
10/11/2010,20.44,20.7,20.07,20.24,171194,0,Tesla
10/12/2010,20.2,20.28,20.03,20.24,243912,0,Tesla
10/13/2010,20.64,20.85,20.36,20.54,319200,0,Tesla
10/14/2010,21.0,21.03,20.4,20.75,294620,0,Tesla
10/15/2010,20.89,20.9,20.25,20.54,283045,0,Tesla
10/18/2010,20.52,20.64,20.22,20.23,162729,0,Tesla
10/19/2010,20.2,20.41,20.0,20.05,245127,0,Tesla
10/20/2010,20.16,20.69,20.04,20.65,312444,0,Tesla
10/21/2010,20.61,20.95,20.45,20.75,417099,0,Tesla
10/22/2010,20.68,20.93,20.55,20.72,161021,0,Tesla
10/25/2010,20.94,20.98,20.73,20.85,118614,0,Tesla
10/26/2010,20.8,21.87,20.51,21.36,660841,0,Tesla
10/27/2010,21.25,21.38,20.65,21.0,356500,0,Tesla
10/28/2010,21.39,21.5,20.96,21.19,224190,0,Tesla
10/29/2010,21.14,21.85,21.05,21.84,278955,0,Tesla
11/1/2010,21.94,22.75,21.31,21.41,455784,0,Tesla
11/2/2010,21.68,21.88,21.05,21.25,322465,0,Tesla
11/3/2010,21.28,22.5,21.16,21.77,374199,0,Tesla
11/4/2010,22.6,25.33,22.15,24.9,1874801,0,Tesla
11/5/2010,24.87,24.97,23.72,24.44,987386,0,Tesla
11/8/2010,24.5,25.0,24.03,24.98,509375,0,Tesla
11/9/2010,25.0,25.69,24.05,24.63,956649,0,Tesla
11/10/2010,24.48,29.97,24.05,29.36,3061038,0,Tesla
11/11/2010,28.6,29.1,27.33,28.04,1944794,0,Tesla
11/12/2010,28.25,30.5,28.07,29.84,2668613,0,Tesla
11/15/2010,30.22,32.94,30.22,30.8,2624233,0,Tesla
11/16/2010,31.0,31.4,28.42,29.67,1347531,0,Tesla
11/17/2010,30.2,30.75,28.61,29.49,749941,0,Tesla
11/18/2010,30.67,30.74,28.92,29.89,956248,0,Tesla
11/19/2010,30.16,31.37,8.03,30.99,1145553,0,Tesla
11/22/2010,31.57,33.45,31.5,33.4,1529622,0,Tesla
11/23/2010,33.29,35.68,32.19,34.57,1577970,0,Tesla
11/24/2010,35.27,35.97,34.33,35.47,1424959,0,Tesla
11/26/2010,35.6,36.0,34.75,35.32,342754,0,Tesla
11/29/2010,35.41,35.95,33.33,34.33,1145543,0,Tesla
11/30/2010,33.74,35.33,33.41,35.33,2222558,0,Tesla
12/1/2010,35.87,36.42,33.45,34.35,1299175,0,Tesla
12/2/2010,34.01,34.3,31.2,32.35,2006967,0,Tesla
12/3/2010,32.01,32.25,30.87,31.49,1103490,0,Tesla
12/6/2010,31.35,31.45,29.56,30.31,1274375,0,Tesla
12/7/2010,30.49,32.4,30.05,31.56,1311548,0,Tesla
12/8/2010,32.48,32.49,31.52,32.37,659980,0,Tesla
12/9/2010,32.51,32.72,31.65,32.05,405983,0,Tesla
12/10/2010,32.05,32.92,31.13,31.52,427581,0,Tesla
12/13/2010,31.64,31.77,30.4,30.55,410331,0,Tesla
12/14/2010,30.29,30.39,27.76,28.53,1765685,0,Tesla
12/15/2010,28.67,29.97,28.53,29.6,742900,0,Tesla
12/16/2010,30.0,30.91,29.65,30.81,790070,0,Tesla
12/17/2010,31.34,31.54,30.71,31.36,674955,0,Tesla
12/20/2010,31.64,32.19,31.26,31.7,523320,0,Tesla
12/21/2010,31.8,32.69,31.71,32.26,777678,0,Tesla
12/22/2010,32.25,32.86,31.7,32.63,833256,0,Tesla
12/23/2010,31.26,32.48,29.92,30.09,1552525,0,Tesla
12/27/2010,28.02,28.58,25.06,25.55,9301929,0,Tesla
12/28/2010,25.85,26.75,25.0,26.41,4056270,0,Tesla
12/29/2010,27.03,28.01,26.5,27.73,3319430,0,Tesla
12/30/2010,27.7,27.9,26.38,26.5,2041067,0,Tesla
12/31/2010,26.78,27.0,26.5,26.63,1211883,0,Tesla
1/3/2011,26.84,27.0,25.9,26.62,1282904,0,Tesla
1/4/2011,26.66,26.95,26.02,26.67,1189071,0,Tesla
1/5/2011,26.48,26.9,26.19,26.83,1446869,0,Tesla
1/6/2011,26.81,28.0,26.81,27.88,2061117,0,Tesla
1/7/2011,28.0,28.58,27.9,28.24,1513883,0,Tesla
1/10/2011,28.15,28.68,28.05,28.45,1342612,0,Tesla
1/11/2011,28.59,28.71,26.92,26.96,1710701,0,Tesla
1/12/2011,27.01,27.4,26.52,26.96,964722,0,Tesla
1/13/2011,26.96,26.97,26.16,26.22,723522,0,Tesla
1/14/2011,26.13,26.58,25.61,25.75,1138119,0,Tesla
1/18/2011,25.48,25.64,24.75,25.64,1622539,0,Tesla
1/19/2011,25.45,25.47,23.75,24.03,2371514,0,Tesla
1/20/2011,24.03,24.45,22.37,22.62,2279858,0,Tesla
1/21/2011,23.24,23.59,22.71,23.04,1148866,0,Tesla
1/24/2011,23.53,24.81,23.23,24.49,1645189,0,Tesla
1/25/2011,24.65,24.89,24.02,24.68,1271457,0,Tesla
1/26/2011,24.71,24.88,24.1,24.75,1079867,0,Tesla
1/27/2011,24.74,25.08,24.53,24.92,895655,0,Tesla
1/28/2011,24.81,24.85,23.75,24.01,1005445,0,Tesla
1/31/2011,24.05,24.12,23.5,24.1,831151,0,Tesla
2/1/2011,24.31,24.73,23.54,23.91,707791,0,Tesla
2/2/2011,24.16,24.18,23.67,23.94,569472,0,Tesla
2/3/2011,23.82,23.9,23.15,23.63,512067,0,Tesla
2/4/2011,23.67,23.67,23.22,23.46,535918,0,Tesla
2/7/2011,23.26,23.26,22.88,23.07,895011,0,Tesla
2/8/2011,23.78,25.25,23.0,24.49,3505183,0,Tesla
2/9/2011,24.13,24.18,22.79,23.21,2635862,0,Tesla
2/10/2011,23.26,23.64,22.81,23.21,836020,0,Tesla
2/11/2011,23.25,23.75,22.94,23.25,616591,0,Tesla
2/14/2011,23.64,24.14,23.05,23.08,1283104,0,Tesla
2/15/2011,23.01,23.17,22.56,22.84,955606,0,Tesla
2/16/2011,23.1,24.97,23.07,24.73,4115306,0,Tesla
2/18/2011,23.33,23.49,22.96,23.18,2317627,0,Tesla
2/22/2011,22.85,23.0,21.78,21.87,2064540,0,Tesla
2/23/2011,22.18,22.5,21.11,21.83,1605508,0,Tesla
2/24/2011,21.78,22.58,21.5,22.53,1055450,0,Tesla
2/25/2011,22.74,23.85,22.69,23.61,1347257,0,Tesla
2/28/2011,23.73,24.1,23.5,23.89,1051106,0,Tesla
3/1/2011,24.05,24.32,23.7,23.94,1106350,0,Tesla
3/2/2011,23.82,24.28,23.73,24.02,663294,0,Tesla
3/3/2011,24.48,24.79,24.06,24.36,640140,0,Tesla
3/4/2011,24.46,24.99,23.78,24.95,1580100,0,Tesla
3/7/2011,24.89,25.4,24.7,24.94,2033531,0,Tesla
3/8/2011,24.6,24.96,24.0,24.66,1399851,0,Tesla
3/9/2011,24.66,24.99,24.27,24.72,924721,0,Tesla
3/10/2011,24.43,24.49,23.73,24.01,1016947,0,Tesla
3/11/2011,23.85,24.25,23.53,24.07,930794,0,Tesla
3/14/2011,23.82,24.0,23.2,23.25,1165971,0,Tesla
3/15/2011,22.16,22.96,21.8,22.95,1318869,0,Tesla
3/16/2011,22.86,23.25,22.69,22.82,1169676,0,Tesla
3/17/2011,23.24,23.43,22.64,22.81,922504,0,Tesla
3/18/2011,23.19,23.19,22.51,22.96,687823,0,Tesla
3/21/2011,23.01,23.05,22.54,22.73,411650,0,Tesla
3/22/2011,22.74,22.86,22.0,22.19,582813,0,Tesla
3/23/2011,22.11,22.27,21.77,22.21,422793,0,Tesla
3/24/2011,22.14,22.38,21.98,22.33,462160,0,Tesla
3/25/2011,22.45,23.0,22.4,22.75,567922,0,Tesla
3/28/2011,22.7,23.54,22.55,23.25,1058018,0,Tesla
3/29/2011,23.31,24.0,23.21,23.92,755591,0,Tesla
3/30/2011,24.11,24.49,23.01,23.71,1223277,0,Tesla
3/31/2011,26.5,28.71,26.5,27.75,11519981,0,Tesla
4/1/2011,27.7,28.18,26.57,26.66,2864787,0,Tesla
4/4/2011,26.78,27.0,25.23,25.83,2609227,0,Tesla
4/5/2011,25.9,27.0,25.69,26.7,3181627,0,Tesla
4/6/2011,27.0,27.01,25.8,26.49,1288297,0,Tesla
4/7/2011,26.85,27.94,26.45,27.24,2810766,0,Tesla
4/8/2011,27.58,27.6,26.36,26.49,1946352,0,Tesla
4/11/2011,26.47,26.53,25.02,25.27,1369940,0,Tesla
4/12/2011,25.08,25.21,24.3,24.65,1357401,0,Tesla
4/13/2011,25.13,25.69,24.81,24.93,1211444,0,Tesla
4/14/2011,24.84,25.28,24.2,25.14,983382,0,Tesla
4/15/2011,25.65,26.18,25.41,25.58,943451,0,Tesla
4/18/2011,25.13,25.62,24.36,25.03,1033871,0,Tesla
4/19/2011,25.26,25.26,24.65,25.16,548693,0,Tesla
4/20/2011,25.7,26.09,25.3,25.75,837169,0,Tesla
4/21/2011,25.84,26.98,25.59,26.74,1386053,0,Tesla
4/25/2011,26.7,26.73,25.97,26.39,800839,0,Tesla
4/26/2011,26.66,27.25,26.31,26.93,1372343,0,Tesla
4/27/2011,26.93,27.36,26.63,27.08,996901,0,Tesla
4/28/2011,27.07,27.69,26.72,27.66,1644897,0,Tesla
4/29/2011,27.69,27.87,27.42,27.6,726240,0,Tesla
5/2/2011,27.6,27.8,27.06,27.45,784560,0,Tesla
5/3/2011,27.38,27.39,26.5,26.87,913965,0,Tesla
5/4/2011,26.78,27.0,25.75,26.69,1044699,0,Tesla
5/5/2011,27.25,27.44,26.17,26.44,1219449,0,Tesla
5/6/2011,26.99,27.7,26.62,27.12,981606,0,Tesla
5/9/2011,27.0,28.0,26.85,27.91,914803,0,Tesla
5/10/2011,28.24,28.95,27.91,28.33,1535468,0,Tesla
5/11/2011,28.2,28.3,26.92,27.07,962565,0,Tesla
5/12/2011,27.07,27.74,26.65,27.67,627740,0,Tesla
5/13/2011,28.0,28.19,27.3,27.55,661577,0,Tesla
5/16/2011,27.99,27.99,26.55,26.6,755622,0,Tesla
5/17/2011,27.0,27.0,25.72,25.96,1234156,0,Tesla
5/18/2011,26.1,26.47,25.52,26.35,729407,0,Tesla
5/19/2011,27.0,28.44,26.6,28.2,2655067,0,Tesla
5/20/2011,28.25,28.28,27.35,27.97,842534,0,Tesla
5/23/2011,27.54,27.62,26.62,26.82,863548,0,Tesla
5/24/2011,27.02,27.5,26.6,26.72,613673,0,Tesla
5/25/2011,26.9,29.01,26.17,28.98,4693149,0,Tesla
5/26/2011,28.82,29.76,28.1,29.48,3336891,0,Tesla
5/27/2011,29.54,29.67,28.82,29.55,1687069,0,Tesla
5/31/2011,29.69,30.28,29.55,30.14,3290183,0,Tesla
6/1/2011,30.0,30.1,28.38,28.52,1529896,0,Tesla
6/2/2011,28.52,29.32,28.51,28.76,986294,0,Tesla
6/3/2011,29.95,31.5,29.5,30.13,6209334,0,Tesla
6/6/2011,30.1,30.13,28.26,28.7,2331017,0,Tesla
6/7/2011,28.94,29.39,28.26,28.37,1222099,0,Tesla
6/8/2011,28.41,28.6,27.02,27.12,1695836,0,Tesla
6/9/2011,27.43,28.1,27.1,27.62,1603120,0,Tesla
6/10/2011,27.52,28.3,27.35,27.86,1566532,0,Tesla
6/13/2011,28.07,28.88,27.88,28.43,1713641,0,Tesla
6/14/2011,28.54,29.7,28.52,28.6,1573310,0,Tesla
6/15/2011,28.44,28.45,27.07,27.32,1346579,0,Tesla
6/16/2011,27.67,28.0,25.74,26.5,1842124,0,Tesla
6/17/2011,26.87,27.7,26.14,26.5,1697936,0,Tesla
6/20/2011,26.29,26.46,25.5,26.01,1537709,0,Tesla
6/21/2011,26.24,27.73,26.0,27.53,1496563,0,Tesla
6/22/2011,27.53,28.25,27.1,27.21,1475533,0,Tesla
6/23/2011,27.2,27.72,26.21,27.71,1169990,0,Tesla
6/24/2011,27.69,27.97,27.26,27.57,3326368,0,Tesla
6/27/2011,27.73,28.28,27.31,27.46,1809367,0,Tesla
6/28/2011,27.79,28.25,27.67,28.11,889132,0,Tesla
6/29/2011,28.5,29.09,28.07,28.29,1459208,0,Tesla
6/30/2011,28.6,29.33,28.4,29.13,946654,0,Tesla
7/1/2011,29.07,29.6,28.8,29.02,854839,0,Tesla
7/5/2011,29.19,29.52,28.71,29.14,995989,0,Tesla
7/6/2011,29.14,29.14,28.55,28.96,926889,0,Tesla
7/7/2011,29.14,30.0,29.01,29.73,1289485,0,Tesla
7/8/2011,29.89,29.89,28.59,28.81,1240580,0,Tesla
7/11/2011,28.4,28.53,28.0,28.35,975703,0,Tesla
7/12/2011,28.37,29.09,28.0,28.17,1045306,0,Tesla
7/13/2011,28.44,29.03,27.9,28.64,1065942,0,Tesla
7/14/2011,28.96,28.96,27.25,27.61,1159131,0,Tesla
7/15/2011,27.79,27.83,27.4,27.58,708954,0,Tesla
7/18/2011,27.34,27.45,26.63,27.23,851877,0,Tesla
7/19/2011,27.58,28.11,27.54,27.89,1026048,0,Tesla
7/20/2011,28.0,30.44,27.8,28.69,3022479,0,Tesla
7/21/2011,28.91,29.16,28.1,28.7,1012006,0,Tesla
7/22/2011,28.7,29.54,28.55,29.29,583868,0,Tesla
7/25/2011,29.01,29.25,28.44,28.49,673391,0,Tesla
7/26/2011,28.31,28.77,27.97,28.0,760532,0,Tesla
7/27/2011,28.5,28.5,27.51,27.64,958403,0,Tesla
7/28/2011,27.6,28.55,27.54,28.17,906356,0,Tesla
7/29/2011,27.73,28.4,27.5,28.17,948127,0,Tesla
8/1/2011,28.67,28.98,28.21,28.77,1164822,0,Tesla
8/2/2011,28.69,29.2,27.27,27.34,1546120,0,Tesla
8/3/2011,27.5,27.83,26.34,27.2,1800828,0,Tesla
8/4/2011,26.51,26.89,24.67,24.75,3065183,0,Tesla
8/5/2011,24.99,25.38,22.83,24.24,1964055,0,Tesla
8/8/2011,23.16,24.44,23.1,23.64,2608472,0,Tesla
8/9/2011,24.4,25.45,23.7,25.06,1333382,0,Tesla
8/10/2011,25.4,25.44,23.63,23.82,1560047,0,Tesla
8/11/2011,24.04,25.75,24.0,25.3,829884,0,Tesla
8/12/2011,25.6,27.14,25.36,26.31,1009020,0,Tesla
8/15/2011,26.62,26.75,25.93,26.23,645358,0,Tesla
8/16/2011,26.13,26.54,25.83,26.1,537688,0,Tesla
8/17/2011,26.39,26.65,25.51,25.83,643672,0,Tesla
8/18/2011,25.0,25.15,23.47,24.26,1056569,0,Tesla
8/19/2011,23.8,24.22,22.0,22.3,1375277,0,Tesla
8/22/2011,23.11,23.8,21.68,21.95,986081,0,Tesla
8/23/2011,21.93,23.11,21.5,22.96,868968,0,Tesla
8/24/2011,23.1,23.93,22.83,23.87,684238,0,Tesla
8/25/2011,23.87,23.87,22.9,23.11,679740,0,Tesla
8/26/2011,22.71,23.95,22.07,23.73,761756,0,Tesla
8/29/2011,24.22,24.85,24.02,24.71,803302,0,Tesla
8/30/2011,24.5,24.77,24.09,24.63,366159,0,Tesla
8/31/2011,24.8,25.5,24.28,24.74,823735,0,Tesla
9/1/2011,24.66,24.87,23.84,24.0,848085,0,Tesla
9/2/2011,23.76,23.76,22.68,23.07,679205,0,Tesla
9/6/2011,22.5,23.2,22.29,22.94,809760,0,Tesla
9/7/2011,23.42,24.0,23.28,23.84,459186,0,Tesla
9/8/2011,23.58,24.03,23.28,23.61,505697,0,Tesla
9/9/2011,23.37,23.57,22.55,22.97,669263,0,Tesla
9/12/2011,22.89,23.31,22.45,22.88,566571,0,Tesla
9/13/2011,23.01,24.1,22.75,24.08,726461,0,Tesla
9/14/2011,24.34,24.84,23.79,24.34,830777,0,Tesla
9/15/2011,24.58,24.93,24.33,24.82,562512,0,Tesla
9/16/2011,24.49,25.84,24.49,25.8,1417074,0,Tesla
9/19/2011,24.93,25.81,23.82,25.77,1071063,0,Tesla
9/20/2011,25.77,26.6,25.67,26.01,1180351,0,Tesla
9/21/2011,25.95,26.95,25.7,25.85,987577,0,Tesla
9/22/2011,25.64,26.11,24.88,25.63,775802,0,Tesla
9/23/2011,25.42,26.62,25.35,26.38,1156328,0,Tesla
9/26/2011,26.5,26.52,24.9,25.52,934715,0,Tesla
9/27/2011,26.0,26.99,25.57,26.19,674429,0,Tesla
9/28/2011,26.0,26.5,24.51,24.59,723206,0,Tesla
9/29/2011,25.72,25.82,23.55,24.12,929545,0,Tesla
9/30/2011,24.8,24.89,23.49,24.39,1336054,0,Tesla
10/3/2011,24.95,25.0,23.25,23.73,1023130,0,Tesla
10/4/2011,23.29,24.32,22.93,23.66,1200214,0,Tesla
10/5/2011,24.03,25.83,23.35,25.37,1229414,0,Tesla
10/6/2011,25.48,27.6,25.02,26.96,1769026,0,Tesla
10/7/2011,27.0,27.6,26.05,26.99,1092685,0,Tesla
10/10/2011,27.35,28.18,27.0,27.88,923416,0,Tesla
10/11/2011,27.51,27.77,27.09,27.61,575603,0,Tesla
10/12/2011,27.25,28.0,27.2,27.8,1123364,0,Tesla
10/13/2011,27.73,28.47,27.44,27.94,1043413,0,Tesla
10/14/2011,28.01,28.55,27.26,28.05,1400469,0,Tesla
10/17/2011,27.86,28.0,27.26,27.42,754439,0,Tesla
10/18/2011,27.3,28.43,26.71,28.34,999690,0,Tesla
10/19/2011,28.06,28.06,27.3,27.57,792850,0,Tesla
10/20/2011,27.44,27.47,27.0,27.34,999647,0,Tesla
10/21/2011,27.4,28.3,27.01,28.03,1142550,0,Tesla
10/24/2011,27.87,28.89,27.75,28.55,920776,0,Tesla
10/25/2011,28.23,28.86,27.8,28.25,654371,0,Tesla
10/26/2011,28.25,28.37,27.4,27.98,510479,0,Tesla
10/27/2011,28.34,28.95,28.11,28.76,869335,0,Tesla
10/28/2011,28.45,30.0,28.01,29.87,1263973,0,Tesla
10/31/2011,29.5,29.51,28.75,29.37,1133969,0,Tesla
11/1/2011,28.4,28.92,28.0,28.88,635775,0,Tesla
11/2/2011,29.0,29.26,28.25,28.71,875521,0,Tesla
11/3/2011,30.0,32.49,29.53,32.46,2510603,0,Tesla
11/4/2011,31.46,32.4,30.51,32.31,3033107,0,Tesla
11/7/2011,31.64,32.0,30.75,31.27,1266269,0,Tesla
11/8/2011,31.37,32.0,30.72,31.84,1167830,0,Tesla
11/9/2011,30.87,31.49,30.3,30.88,890257,0,Tesla
11/10/2011,30.94,31.5,30.65,31.33,747273,0,Tesla
11/11/2011,31.9,34.5,30.57,33.64,3868276,0,Tesla
11/14/2011,33.0,33.54,32.62,33.22,1325656,0,Tesla
11/15/2011,32.92,34.4,32.73,33.93,890905,0,Tesla
11/16/2011,33.48,35.0,33.4,34.94,1833136,0,Tesla
11/17/2011,34.5,34.9,33.19,33.68,1349265,0,Tesla
11/18/2011,33.64,34.11,32.54,32.6,902729,0,Tesla
11/21/2011,32.29,32.44,31.05,31.76,1031524,0,Tesla
11/22/2011,31.76,32.79,31.05,32.07,732518,0,Tesla
11/23/2011,31.76,32.05,31.25,31.45,451713,0,Tesla
11/25/2011,31.86,32.41,31.08,31.66,239595,0,Tesla
11/28/2011,32.0,33.28,31.81,32.56,681124,0,Tesla
11/29/2011,32.5,33.07,31.63,31.75,591054,0,Tesla
11/30/2011,32.72,32.93,32.22,32.74,760265,0,Tesla
12/1/2011,32.57,33.99,31.98,32.6,1030108,0,Tesla
12/2/2011,32.83,33.69,32.4,33.3,802718,0,Tesla
12/5/2011,33.53,35.0,33.43,34.42,1160050,0,Tesla
12/6/2011,34.2,34.98,34.03,34.87,951710,0,Tesla
12/7/2011,34.63,34.89,33.8,34.19,674244,0,Tesla
12/8/2011,30.84,31.65,29.61,30.89,3305945,0,Tesla
12/9/2011,30.54,31.12,30.28,31.04,1239444,0,Tesla
12/12/2011,30.44,30.62,30.02,30.41,758657,0,Tesla
12/13/2011,30.57,30.93,28.91,29.45,994015,0,Tesla
12/14/2011,29.5,29.68,28.0,28.53,1163840,0,Tesla
12/15/2011,28.86,29.17,28.12,28.62,646962,0,Tesla
12/16/2011,28.75,28.93,27.98,28.0,1029605,0,Tesla
12/19/2011,28.11,28.5,27.37,27.75,986952,0,Tesla
12/20/2011,28.05,28.45,27.72,27.9,843281,0,Tesla
12/21/2011,27.91,28.07,26.03,27.57,1705407,0,Tesla
12/22/2011,27.6,28.05,27.3,27.77,1009302,0,Tesla
12/23/2011,28.0,28.0,27.52,27.9,591390,0,Tesla
12/27/2011,27.66,28.77,27.64,28.57,777403,0,Tesla
12/28/2011,28.99,29.24,28.04,28.51,575138,0,Tesla
12/29/2011,28.59,29.34,28.55,28.73,488150,0,Tesla
12/30/2011,28.49,28.98,28.25,28.56,339860,0,Tesla
1/3/2012,28.94,29.5,27.65,28.08,928052,0,Tesla
1/4/2012,28.21,28.67,27.5,27.71,616466,0,Tesla
1/5/2012,27.76,27.93,26.85,27.12,1005432,0,Tesla
1/6/2012,27.25,27.79,26.41,26.91,986287,0,Tesla
1/9/2012,27.0,27.49,26.12,27.25,896951,0,Tesla
1/10/2012,27.44,27.76,27.25,27.62,671732,0,Tesla
1/11/2012,27.62,28.38,27.3,28.23,672239,0,Tesla
1/12/2012,28.27,28.62,27.81,28.25,729300,0,Tesla
1/13/2012,28.45,28.5,22.64,22.79,5502953,0,Tesla
1/17/2012,26.66,27.34,26.41,26.6,4651391,0,Tesla
1/18/2012,26.69,26.88,26.25,26.81,1260183,0,Tesla
1/19/2012,27.02,27.74,26.61,26.76,1246222,0,Tesla
1/20/2012,26.92,27.0,26.4,26.6,647789,0,Tesla
1/23/2012,26.81,27.21,26.6,26.77,594533,0,Tesla
1/24/2012,26.63,27.68,26.44,27.42,857914,0,Tesla
1/25/2012,27.27,28.01,27.05,27.97,611112,0,Tesla
1/26/2012,28.0,29.58,28.0,28.94,1271028,0,Tesla
1/27/2012,28.5,29.72,28.5,29.33,748361,0,Tesla
1/30/2012,29.48,29.61,28.53,29.57,690147,0,Tesla
1/31/2012,29.88,30.0,28.87,29.07,956413,0,Tesla
2/1/2012,29.13,29.7,29.0,29.58,523169,0,Tesla
2/2/2012,29.72,30.88,29.6,30.25,791484,0,Tesla
2/3/2012,30.41,31.33,30.25,31.15,764418,0,Tesla
2/6/2012,31.1,31.9,31.05,31.8,652161,0,Tesla
2/7/2012,31.8,31.8,30.82,31.6,939315,0,Tesla
2/8/2012,31.61,32.01,31.29,31.93,623626,0,Tesla
2/9/2012,32.0,32.9,31.43,32.58,1277476,0,Tesla
2/10/2012,32.26,32.27,29.84,31.1,1876975,0,Tesla
2/13/2012,31.55,32.06,30.9,31.49,1157858,0,Tesla
2/14/2012,31.64,33.79,31.4,33.17,1810775,0,Tesla
2/15/2012,33.1,34.41,32.27,33.6,2689141,0,Tesla
2/16/2012,33.5,34.51,32.54,34.19,2078550,0,Tesla
2/17/2012,33.99,34.97,33.5,34.97,1376645,0,Tesla
2/21/2012,34.87,34.87,33.81,34.5,1135788,0,Tesla
2/22/2012,34.5,34.72,32.5,34.22,1654985,0,Tesla
2/23/2012,33.99,34.97,33.56,34.53,820345,0,Tesla
2/24/2012,34.49,34.52,33.27,33.75,959866,0,Tesla
2/27/2012,33.41,34.0,33.0,33.62,605953,0,Tesla
2/28/2012,33.69,34.44,33.17,33.81,612183,0,Tesla
2/29/2012,33.81,34.12,33.14,33.41,535684,0,Tesla
3/1/2012,33.51,34.5,33.31,34.41,703435,0,Tesla
3/2/2012,34.26,34.5,33.71,34.04,549971,0,Tesla
3/5/2012,34.16,34.4,33.46,33.77,466938,0,Tesla
3/6/2012,33.25,33.28,32.62,33.11,573749,0,Tesla
3/7/2012,33.11,33.3,32.91,33.12,274729,0,Tesla
3/8/2012,33.11,33.49,33.04,33.07,633267,0,Tesla
3/9/2012,33.2,35.31,33.2,34.74,1553323,0,Tesla
3/12/2012,34.69,36.29,34.6,36.01,1964520,0,Tesla
3/13/2012,36.5,36.59,35.5,36.09,1001643,0,Tesla
3/14/2012,36.0,36.0,34.8,35.29,851464,0,Tesla
3/15/2012,35.28,35.48,34.78,35.0,571596,0,Tesla
3/16/2012,34.99,35.89,34.83,35.32,640092,0,Tesla
3/19/2012,35.26,35.32,34.54,34.98,1015586,0,Tesla
3/20/2012,34.98,35.2,34.57,34.96,567001,0,Tesla
3/21/2012,34.94,35.3,34.6,35.15,607103,0,Tesla
3/22/2012,34.97,35.15,34.3,34.4,458759,0,Tesla
3/23/2012,34.43,34.63,33.15,34.08,1170567,0,Tesla
3/26/2012,35.6,38.09,35.04,37.4,3140891,0,Tesla
3/27/2012,37.16,39.95,37.03,37.94,2540053,0,Tesla
3/28/2012,37.79,38.44,37.11,37.85,954970,0,Tesla
3/29/2012,38.19,38.19,37.03,37.33,796335,0,Tesla
3/30/2012,37.74,37.94,36.68,37.24,886312,0,Tesla
4/2/2012,37.33,37.97,36.53,36.58,1028504,0,Tesla
4/3/2012,36.72,38.47,36.67,38.01,1101420,0,Tesla
4/4/2012,35.27,35.49,34.69,35.0,4481725,0,Tesla
4/5/2012,35.1,35.44,34.68,34.71,1007764,0,Tesla
4/9/2012,34.1,34.29,33.1,33.15,1555475,0,Tesla
4/10/2012,33.15,33.85,32.1,32.46,1847669,0,Tesla
4/11/2012,33.24,33.29,32.01,33.09,1105447,0,Tesla
4/12/2012,33.77,34.48,32.92,33.44,1033804,0,Tesla
4/13/2012,33.94,34.04,32.85,33.59,649580,0,Tesla
4/16/2012,33.58,33.7,32.09,32.25,1099751,0,Tesla
4/17/2012,32.43,33.07,32.04,32.24,1115538,0,Tesla
4/18/2012,32.09,32.75,31.53,32.66,823096,0,Tesla
4/19/2012,32.75,33.43,32.5,33.16,774878,0,Tesla
4/20/2012,33.14,33.73,32.94,33.16,821774,0,Tesla
4/23/2012,32.86,32.97,31.71,31.94,890715,0,Tesla
4/24/2012,31.82,32.2,31.0,31.82,674467,0,Tesla
4/25/2012,32.07,32.99,32.07,32.91,712133,0,Tesla
4/26/2012,32.96,33.52,32.91,33.49,425719,0,Tesla
4/27/2012,33.6,33.63,32.91,33.34,590905,0,Tesla
4/30/2012,33.27,33.36,32.58,33.13,413848,0,Tesla
5/1/2012,33.13,34.21,33.13,33.78,683198,0,Tesla
5/2/2012,33.5,34.39,33.39,33.94,497251,0,Tesla
5/3/2012,33.91,34.0,32.13,32.46,842107,0,Tesla
5/4/2012,32.32,32.46,31.4,31.83,1247486,0,Tesla
5/7/2012,31.96,32.58,31.61,32.47,1157969,0,Tesla
5/8/2012,32.5,32.73,29.37,30.19,3133152,0,Tesla
5/9/2012,30.3,30.77,29.76,30.06,1935993,0,Tesla
5/10/2012,32.97,34.68,32.4,32.96,5638084,0,Tesla
5/11/2012,32.49,33.44,32.16,32.25,1221205,0,Tesla
5/14/2012,31.92,32.13,30.05,30.06,1408827,0,Tesla
5/15/2012,30.26,30.96,29.22,29.43,1585682,0,Tesla
5/16/2012,29.58,30.18,28.88,29.18,1271533,0,Tesla
5/17/2012,29.3,29.79,28.24,28.57,1020136,0,Tesla
5/18/2012,28.37,28.46,26.83,27.56,1616487,0,Tesla
5/21/2012,27.58,29.26,27.12,28.77,1528559,0,Tesla
5/22/2012,30.1,31.34,30.0,30.79,2366170,0,Tesla
5/23/2012,30.56,31.05,29.5,31.02,1242790,0,Tesla
5/24/2012,31.25,31.25,29.69,30.32,1013975,0,Tesla
5/25/2012,30.16,30.41,29.2,29.81,757009,0,Tesla
5/29/2012,30.01,31.93,30.01,31.69,1649917,0,Tesla
5/30/2012,31.08,31.42,30.24,30.41,1307141,0,Tesla
5/31/2012,30.07,30.29,28.75,29.5,1118701,0,Tesla
6/1/2012,28.53,29.16,27.76,28.15,885710,0,Tesla
6/4/2012,28.03,28.41,27.11,27.88,1030834,0,Tesla
6/5/2012,27.84,28.39,27.56,27.91,630885,0,Tesla
6/6/2012,28.2,29.45,28.14,29.15,889102,0,Tesla
6/7/2012,29.81,29.87,28.85,28.93,492015,0,Tesla
6/8/2012,28.86,30.19,28.15,30.08,881209,0,Tesla
6/11/2012,30.31,31.0,28.96,29.12,635947,0,Tesla
6/12/2012,29.23,29.84,28.81,29.66,568994,0,Tesla
6/13/2012,29.55,30.64,29.47,29.77,844371,0,Tesla
6/14/2012,30.18,30.65,28.62,29.39,872161,0,Tesla
6/15/2012,29.39,29.95,28.81,29.91,646737,0,Tesla
6/18/2012,29.94,32.33,29.5,31.84,1256796,0,Tesla
6/19/2012,32.02,32.66,31.5,32.09,911029,0,Tesla
6/20/2012,33.5,34.5,33.21,33.78,3422342,0,Tesla
6/21/2012,34.26,34.28,31.84,32.19,1891895,0,Tesla
6/22/2012,32.6,33.98,32.46,33.79,3047452,0,Tesla
6/25/2012,33.95,34.12,32.75,33.11,1378636,0,Tesla
6/26/2012,32.05,32.35,31.39,31.61,2613849,0,Tesla
6/27/2012,31.9,32.45,31.57,31.96,1047194,0,Tesla
6/28/2012,31.9,32.11,30.62,31.41,914040,0,Tesla
6/29/2012,32.8,32.8,31.0,31.29,1125704,0,Tesla
7/2/2012,31.35,31.8,30.19,30.4,1315534,0,Tesla
7/3/2012,30.6,31.0,30.4,30.66,947128,0,Tesla
7/5/2012,30.81,31.67,30.8,31.23,1253766,0,Tesla
7/6/2012,30.99,31.73,30.8,30.99,784461,0,Tesla
7/9/2012,30.94,31.83,30.67,31.49,910409,0,Tesla
7/10/2012,31.54,32.48,30.89,31.27,758352,0,Tesla
7/11/2012,31.57,31.68,31.01,31.51,638516,0,Tesla
7/12/2012,31.29,33.01,30.8,32.7,1125670,0,Tesla
7/13/2012,32.97,34.4,32.83,34.25,1304712,0,Tesla
7/16/2012,34.32,36.0,33.9,35.96,1743900,0,Tesla
7/17/2012,35.0,35.21,32.38,33.35,2569213,0,Tesla
7/18/2012,31.42,33.67,31.06,32.15,2882084,0,Tesla
7/19/2012,32.72,33.15,32.04,32.27,1435878,0,Tesla
7/20/2012,32.07,32.25,31.25,31.79,1568466,0,Tesla
7/23/2012,31.05,31.3,30.62,30.66,1386743,0,Tesla
7/24/2012,30.66,31.04,29.62,29.84,1500426,0,Tesla
7/25/2012,29.92,29.98,28.75,28.95,2843016,0,Tesla
7/26/2012,29.9,30.0,27.64,28.13,2263005,0,Tesla
7/27/2012,28.71,29.66,28.1,29.51,1672968,0,Tesla
7/30/2012,29.51,30.25,27.21,27.35,2066040,0,Tesla
7/31/2012,27.54,27.97,27.35,27.42,1575060,0,Tesla
8/1/2012,27.99,27.99,26.03,26.25,1592217,0,Tesla
8/2/2012,26.84,26.85,25.52,26.1,1305016,0,Tesla
8/3/2012,26.9,27.55,26.74,27.27,1209470,0,Tesla
8/6/2012,27.55,28.7,27.55,28.27,1528169,0,Tesla
8/7/2012,28.77,30.9,28.5,30.25,2387304,0,Tesla
8/8/2012,29.9,30.0,28.59,29.09,1308895,0,Tesla
8/9/2012,29.52,30.0,29.13,29.41,672584,0,Tesla
8/10/2012,29.31,29.94,29.31,29.94,707390,0,Tesla
8/13/2012,29.69,31.3,29.101,31.17,870050,0,Tesla
8/14/2012,30.75,31.17,29.26,29.42,793336,0,Tesla
8/15/2012,29.39,29.7,28.81,29.4,525385,0,Tesla
8/16/2012,29.53,30.39,29.5,30.3,668973,0,Tesla
8/17/2012,30.29,30.71,29.98,30.01,508122,0,Tesla
8/20/2012,30.15,30.39,29.1,29.51,1179008,0,Tesla
8/21/2012,29.58,30.0,29.0,29.11,761516,0,Tesla
8/22/2012,29.01,30.04,29.01,29.95,775490,0,Tesla
8/23/2012,30.0,30.85,29.65,30.73,1470974,0,Tesla
8/24/2012,30.06,30.24,29.41,29.5,1430011,0,Tesla
8/27/2012,29.57,29.7,28.17,28.32,1350325,0,Tesla
8/28/2012,28.4,29.375,28.0,28.69,1402656,0,Tesla
8/29/2012,28.49,28.64,28.02,28.41,838883,0,Tesla
8/30/2012,28.6,28.74,28.1,28.41,656307,0,Tesla
8/31/2012,28.61,28.84,28.2,28.52,539736,0,Tesla
9/4/2012,28.52,28.99,27.9,28.14,752496,0,Tesla
9/5/2012,28.01,28.5,27.81,27.94,639227,0,Tesla
9/6/2012,28.0,28.9,27.9,28.55,841643,0,Tesla
9/7/2012,28.55,29.57,28.5,29.35,953151,0,Tesla
9/10/2012,29.2,29.35,27.3,27.37,1483215,0,Tesla
9/11/2012,27.76,28.16,27.4,27.8,1014871,0,Tesla
9/12/2012,27.9,28.58,27.8,28.28,1145134,0,Tesla
9/13/2012,28.57,29.5,28.48,29.48,1485359,0,Tesla
9/14/2012,30.0,30.65,29.65,30.39,1536569,0,Tesla
9/17/2012,32.35,32.78,31.51,32.54,3212900,0,Tesla
9/18/2012,31.88,31.9,30.68,31.34,1788480,0,Tesla
9/19/2012,30.99,31.74,30.94,31.05,1048457,0,Tesla
9/20/2012,30.93,31.5,30.68,30.9,912372,0,Tesla
9/21/2012,31.1,31.49,29.54,30.02,1869970,0,Tesla
9/24/2012,29.51,31.03,29.4,30.66,1301804,0,Tesla
9/25/2012,28.62,29.48,27.53,27.66,5683952,0,Tesla
9/26/2012,27.66,28.4,27.48,27.54,1527320,0,Tesla
9/27/2012,27.82,28.54,27.6,28.49,1758553,0,Tesla
9/28/2012,28.73,29.89,28.61,29.28,4343338,0,Tesla
10/1/2012,29.5,29.89,29.0,29.16,884305,0,Tesla
10/2/2012,29.34,29.89,29.0,29.8,728969,0,Tesla
10/3/2012,29.75,29.95,29.24,29.3,1052788,0,Tesla
10/4/2012,30.0,30.1,28.65,29.4,1541207,0,Tesla
10/5/2012,29.7,29.81,28.68,28.89,938670,0,Tesla
10/8/2012,28.86,29.4,28.61,29.25,890006,0,Tesla
10/9/2012,29.12,29.12,28.25,28.37,1192979,0,Tesla
10/10/2012,28.39,28.72,28.01,28.4,505063,0,Tesla
10/11/2012,28.94,28.98,28.25,28.32,450571,0,Tesla
10/12/2012,28.32,28.73,27.5,27.64,987535,0,Tesla
10/15/2012,28.02,28.05,26.86,27.33,1468667,0,Tesla
10/16/2012,27.67,28.09,27.34,28.06,479248,0,Tesla
10/17/2012,28.25,28.84,27.8,28.819,667963,0,Tesla
10/18/2012,28.99,28.99,27.78,28.04,740947,0,Tesla
10/19/2012,27.83,28.2,27.3,27.74,1027302,0,Tesla
10/22/2012,27.99,28.0,27.36,27.85,470198,0,Tesla
10/23/2012,27.38,28.56,27.37,28.39,749273,0,Tesla
10/24/2012,28.52,28.52,27.25,27.42,1016368,0,Tesla
10/25/2012,27.8,27.8,27.45,27.52,577686,0,Tesla
10/26/2012,27.53,27.8,27.02,27.38,477305,0,Tesla
10/31/2012,27.7,28.35,27.37,28.131,775142,0,Tesla
11/1/2012,28.25,29.49,28.2,29.245,1024054,0,Tesla
11/2/2012,29.27,29.55,28.55,28.918,1030265,0,Tesla
11/5/2012,29.8,31.58,29.33,31.5,2048867,0,Tesla
11/6/2012,30.61,31.2,29.95,31.15,2323943,0,Tesla
11/7/2012,31.0,32.05,30.81,31.54,1714469,0,Tesla
11/8/2012,31.02,31.88,30.94,31.31,1273986,0,Tesla
11/9/2012,30.6,30.93,29.85,30.32,862928,0,Tesla
11/12/2012,30.29,31.42,30.16,31.07,555896,0,Tesla
11/13/2012,31.29,32.0,30.72,31.614,998263,0,Tesla
11/14/2012,31.96,32.12,31.2,31.38,871315,0,Tesla
11/15/2012,31.3,31.44,30.5,30.82,983941,0,Tesla
11/16/2012,31.01,32.0,30.59,31.84,908600,0,Tesla
11/19/2012,32.07,33.25,31.84,32.92,1392368,0,Tesla
11/20/2012,32.9,33.1,31.91,33.0,922427,0,Tesla
11/21/2012,32.61,33.47,32.286,32.47,963133,0,Tesla
11/23/2012,32.6,32.83,31.7,32.13,430212,0,Tesla
11/26/2012,32.11,32.3,31.62,32.27,496219,0,Tesla
11/27/2012,32.1,32.66,31.52,32.15,910770,0,Tesla
11/28/2012,32.148,34.29,31.91,33.21,1287699,0,Tesla
11/29/2012,33.44,34.0,32.87,33.69,1103315,0,Tesla
11/30/2012,33.63,34.28,33.01,33.82,1420284,0,Tesla
12/3/2012,33.89,35.0,33.5,34.62,2085753,0,Tesla
12/4/2012,34.29,34.8,33.55,33.9,1264211,0,Tesla
12/5/2012,33.82,34.19,33.58,33.71,661486,0,Tesla
12/6/2012,33.82,34.8,33.5,33.9,660397,0,Tesla
12/7/2012,34.3,34.49,33.85,34.17,664386,0,Tesla
12/10/2012,34.43,34.8,34.18,34.57,929751,0,Tesla
12/11/2012,34.6,35.5,34.46,35.28,1572310,0,Tesla
12/12/2012,35.21,35.8,34.95,35.26,2063877,0,Tesla
12/13/2012,35.26,35.3,32.75,33.61,2151224,0,Tesla
12/14/2012,33.78,34.4,33.59,33.81,1022943,0,Tesla
12/17/2012,33.77,34.5,33.75,34.4,824809,0,Tesla
12/18/2012,34.26,35.07,34.26,34.59,1554336,0,Tesla
12/19/2012,34.85,35.26,34.52,34.61,1298731,0,Tesla
12/20/2012,34.51,34.788,34.05,34.43,921194,0,Tesla
12/21/2012,33.93,34.17,33.58,34.0,1492306,0,Tesla
12/24/2012,33.64,34.35,33.55,34.28,375796,0,Tesla
12/26/2012,33.96,34.5,33.5,33.59,601784,0,Tesla
12/27/2012,33.5,33.91,33.0,33.69,561085,0,Tesla
12/28/2012,33.38,33.65,33.02,33.22,414035,0,Tesla
12/31/2012,33.0,33.97,33.0,33.87,594846,0,Tesla
1/2/2013,34.74,35.45,34.705,35.36,1194710,0,Tesla
1/3/2013,35.18,35.45,34.75,34.77,741941,0,Tesla
1/4/2013,34.8,34.8,33.92,34.4,673993,0,Tesla
1/7/2013,34.61,34.8,33.9,34.34,441909,0,Tesla
1/8/2013,34.5,34.5,33.11,33.68,1283985,0,Tesla
1/9/2013,34.01,34.19,33.4,33.64,697979,0,Tesla
1/10/2013,33.87,33.99,33.38,33.53,922405,0,Tesla
1/11/2013,34.04,34.04,32.11,32.91,1563174,0,Tesla
1/14/2013,33.08,33.38,32.85,33.26,925018,0,Tesla
1/15/2013,33.11,34.25,33.08,33.9,1624389,0,Tesla
1/16/2013,33.85,34.23,33.73,34.1,1378138,0,Tesla
1/17/2013,34.16,34.85,33.92,34.38,1436604,0,Tesla
1/18/2013,34.52,34.78,33.82,34.52,3555074,0,Tesla
1/22/2013,34.56,35.55,34.26,35.19,1920131,0,Tesla
1/23/2013,35.05,36.24,34.96,36.0,1564200,0,Tesla
1/24/2013,36.0,37.72,35.84,36.99,1970389,0,Tesla
1/25/2013,37.0,37.54,36.8,36.98,1287703,0,Tesla
1/28/2013,36.86,38.71,36.86,38.03,1985992,0,Tesla
1/29/2013,38.1,38.44,37.13,37.95,1426503,0,Tesla
1/30/2013,37.85,38.0,37.43,37.52,968098,0,Tesla
1/31/2013,37.87,37.87,36.93,37.51,901318,0,Tesla
2/1/2013,38.17,38.5,37.62,38.3,1100590,0,Tesla
2/4/2013,38.42,38.42,37.59,37.74,1127989,0,Tesla
2/5/2013,38.0,38.65,37.68,38.13,1310192,0,Tesla
2/6/2013,38.18,39.39,37.9,39.17,1893148,0,Tesla
2/7/2013,39.19,39.68,38.95,39.48,1197521,0,Tesla
2/8/2013,39.45,40.0,39.14,39.24,1139733,0,Tesla
2/11/2013,37.98,39.15,37.5,38.42,3266148,0,Tesla
2/12/2013,38.45,38.87,37.29,37.89,2261246,0,Tesla
2/13/2013,38.07,39.0,38.05,38.45,966802,0,Tesla
2/14/2013,38.64,38.75,38.21,38.3,990640,0,Tesla
2/15/2013,38.5,38.51,36.95,37.04,2017949,0,Tesla
2/19/2013,37.36,39.29,37.31,39.28,2701340,0,Tesla
2/20/2013,39.3,39.65,38.46,38.54,3115080,0,Tesla
2/21/2013,36.49,37.39,34.54,35.16,9037762,0,Tesla
2/22/2013,35.72,36.39,35.6,36.11,2547831,0,Tesla
2/25/2013,36.15,36.75,34.34,34.38,2889353,0,Tesla
2/26/2013,34.46,34.96,33.8,34.43,2762900,0,Tesla
2/27/2013,34.41,35.41,34.4,35.1,1959129,0,Tesla
2/28/2013,35.89,36.1,34.37,34.83,1964893,0,Tesla
3/1/2013,35.0,35.08,34.25,34.65,1546600,0,Tesla
3/4/2013,34.77,35.83,34.7,35.58,1757660,0,Tesla
3/5/2013,36.0,36.92,35.79,36.65,2086969,0,Tesla
3/6/2013,37.01,37.88,36.97,37.69,1149925,0,Tesla
3/7/2013,37.73,38.65,36.88,38.23,1158254,0,Tesla
3/8/2013,38.06,39.44,37.36,38.47,912052,0,Tesla
3/11/2013,38.87,39.44,38.65,39.1,1579440,0,Tesla
3/12/2013,38.9,39.38,38.85,39.12,1275062,0,Tesla
3/13/2013,39.0,39.49,38.81,38.98,821900,0,Tesla
3/14/2013,38.9,38.91,36.77,36.85,2024459,0,Tesla
3/15/2013,36.64,36.65,35.21,35.29,3279777,0,Tesla
3/18/2013,35.3,36.06,34.92,35.15,1316336,0,Tesla
3/19/2013,35.25,35.6,34.94,35.08,1098475,0,Tesla
3/20/2013,35.26,36.07,35.16,35.95,1423684,0,Tesla
3/21/2013,35.95,37.06,35.74,36.01,1146287,0,Tesla
3/22/2013,36.2,36.8,36.2,36.62,446235,0,Tesla
3/25/2013,37.1,38.52,36.77,37.53,2379354,0,Tesla
3/26/2013,37.98,38.22,37.66,37.86,1808137,0,Tesla
3/27/2013,37.94,38.38,37.31,38.16,1296283,0,Tesla
3/28/2013,38.23,38.24,37.75,37.89,1158652,0,Tesla
4/1/2013,42.36,46.68,41.7,43.93,14103314,0,Tesla
4/2/2013,43.6,45.5,43.51,44.34,6636142,0,Tesla
4/3/2013,43.15,43.47,40.21,41.1,5644995,0,Tesla
4/4/2013,41.11,42.25,40.81,42.01,2264867,0,Tesla
4/5/2013,42.0,42.0,40.5,41.37,1552389,0,Tesla
4/8/2013,41.97,42.55,41.51,41.83,1679001,0,Tesla
4/9/2013,41.8,41.83,40.33,40.5,1696036,0,Tesla
4/10/2013,40.76,42.01,40.61,41.86,2121088,0,Tesla
4/11/2013,42.06,44.55,41.75,43.59,3447662,0,Tesla
4/12/2013,43.25,45.139,43.05,43.75,3149372,0,Tesla
4/15/2013,43.5,43.8,42.51,43.3,1683184,0,Tesla
4/16/2013,44.19,46.14,43.91,45.59,3180438,0,Tesla
4/17/2013,45.45,45.95,44.54,45.45,2118428,0,Tesla
4/18/2013,45.84,47.6,45.39,46.97,3368100,0,Tesla
4/19/2013,47.46,49.88,47.07,47.83,3012136,0,Tesla
4/22/2013,48.6,50.2,47.75,50.19,3939327,0,Tesla
4/23/2013,51.0,52.92,50.66,51.01,3737450,0,Tesla
4/24/2013,50.9,51.05,48.98,50.43,2629908,0,Tesla
4/25/2013,50.5,52.4,50.5,52.0,2795935,0,Tesla
4/26/2013,53.13,53.74,50.62,51.2,3622100,0,Tesla
4/29/2013,51.54,54.99,51.2,54.94,3639662,0,Tesla
4/30/2013,56.0,58.18,53.76,53.99,5522648,0,Tesla
5/1/2013,55.99,55.99,53.0,53.28,2742778,0,Tesla
5/2/2013,53.85,55.27,53.7,54.11,3050341,0,Tesla
5/3/2013,56.47,56.47,54.5,54.55,3379403,0,Tesla
5/6/2013,56.39,59.66,55.5,59.5,4481339,0,Tesla
5/7/2013,62.0,62.37,55.12,55.51,9991945,0,Tesla
5/8/2013,57.5,58.2,55.71,55.79,6562017,0,Tesla
5/9/2013,70.12,75.77,63.69,69.4,28582756,0,Tesla
5/10/2013,69.65,81.0,69.25,76.76,25084231,0,Tesla
5/13/2013,80.99,88.0,79.15,87.8,22392386,0,Tesla
5/14/2013,94.22,97.12,81.15,83.24,37149894,0,Tesla
5/15/2013,81.8,86.88,78.11,84.84,16763009,0,Tesla
5/16/2013,94.7,95.0,88.66,92.25,21599366,0,Tesla
5/17/2013,92.5,94.44,87.5,91.5,19002905,0,Tesla
5/20/2013,91.12,92.5,88.63,89.94,8337258,0,Tesla
5/21/2013,88.5,89.99,85.28,87.59,8999781,0,Tesla
5/22/2013,86.37,90.96,85.5,87.24,8568676,0,Tesla
5/23/2013,84.81,93.01,83.05,92.73,12038683,0,Tesla
5/24/2013,92.6,97.95,92.0,97.08,16117872,0,Tesla
5/28/2013,101.55,110.75,100.3,110.33,19661852,0,Tesla
5/29/2013,113.55,114.9,99.0,104.63,25079758,0,Tesla
5/30/2013,102.46,109.54,101.2,104.95,16135595,0,Tesla
5/31/2013,106.26,106.44,97.73,97.76,15167094,0,Tesla
6/3/2013,97.62,97.62,88.25,92.59,19141578,0,Tesla
6/4/2013,92.75,96.42,92.4,94.84,8837872,0,Tesla
6/5/2013,93.66,97.97,89.11,95.37,12213547,0,Tesla
6/6/2013,95.25,99.27,95.11,97.35,9512194,0,Tesla
6/7/2013,98.0,102.9,96.7,102.04,10713391,0,Tesla
6/10/2013,98.93,102.52,98.57,100.05,9231695,0,Tesla
6/11/2013,98.18,98.68,94.05,94.47,7394691,0,Tesla
6/12/2013,96.8,100.48,95.75,97.73,9188550,0,Tesla
6/13/2013,99.0,99.28,95.12,98.18,5962843,0,Tesla
6/14/2013,100.0,102.52,99.33,100.3,6565821,0,Tesla
6/17/2013,103.6,104.75,101.2,102.2,7066672,0,Tesla
6/18/2013,101.75,103.98,99.2,103.39,8797344,0,Tesla
6/19/2013,102.06,106.67,102.01,104.68,8586860,0,Tesla
6/20/2013,104.65,107.13,99.45,100.65,10108234,0,Tesla
6/21/2013,103.7,103.7,97.5,99.55,11713423,0,Tesla
6/24/2013,96.5,102.87,95.3,101.49,7122521,0,Tesla
6/25/2013,103.1,104.2,100.55,102.4,5849532,0,Tesla
6/26/2013,103.8,105.87,102.66,105.72,6607540,0,Tesla
6/27/2013,106.75,110.25,106.13,109.25,8748726,0,Tesla
6/28/2013,108.57,109.44,106.71,107.36,5748563,0,Tesla
7/1/2013,109.36,117.77,109.15,117.18,10895582,0,Tesla
7/2/2013,118.19,121.89,115.5,117.82,12066420,0,Tesla
7/3/2013,118.0,119.25,114.27,115.24,4806662,0,Tesla
7/5/2013,118.32,120.28,115.7,120.09,6823245,0,Tesla
7/8/2013,121.37,122.18,118.82,121.61,7817291,0,Tesla
7/9/2013,124.64,125.32,121.91,123.45,8570973,0,Tesla
7/10/2013,123.19,123.25,120.79,122.27,5706701,0,Tesla
7/11/2013,124.88,126.09,122.35,125.61,7484811,0,Tesla
7/12/2013,125.5,129.94,124.51,129.9,11345709,0,Tesla
7/15/2013,133.03,133.26,126.82,127.26,9922869,0,Tesla
7/16/2013,126.28,126.32,107.3,109.05,32354359,0,Tesla
7/17/2013,106.52,121.62,104.5,120.25,26021920,0,Tesla
7/18/2013,120.97,122.73,116.18,119.03,11403556,0,Tesla
7/19/2013,118.5,120.55,116.51,119.68,5890322,0,Tesla
7/22/2013,119.89,126.68,119.88,122.43,9797717,0,Tesla
7/23/2013,124.0,125.56,121.82,122.74,7736552,0,Tesla
7/24/2013,124.47,124.5,119.56,121.7,6869886,0,Tesla
7/25/2013,120.4,124.75,120.19,124.07,5284244,0,Tesla
7/26/2013,128.14,130.68,126.61,129.39,9636681,0,Tesla
7/29/2013,129.32,135.37,128.25,134.62,9684653,0,Tesla
7/30/2013,134.8,137.49,128.18,131.74,13128848,0,Tesla
7/31/2013,132.57,134.98,131.45,134.28,6350170,0,Tesla
8/1/2013,135.0,136.52,132.63,135.55,5315157,0,Tesla
8/2/2013,134.59,138.25,133.61,138.0,6251202,0,Tesla
8/5/2013,140.01,144.89,139.65,144.68,10189514,0,Tesla
8/6/2013,144.93,145.73,141.1,142.15,9256755,0,Tesla
8/7/2013,141.89,141.95,132.36,134.23,18098186,0,Tesla
8/8/2013,154.35,158.88,150.46,153.48,27241791,0,Tesla
8/9/2013,152.4,155.95,151.25,153.0,8934454,0,Tesla
8/12/2013,149.43,150.5,142.05,147.38,14903387,0,Tesla
8/13/2013,149.5,149.84,144.45,145.43,8743368,0,Tesla
8/14/2013,142.72,144.84,138.05,139.36,11690416,0,Tesla
8/15/2013,136.43,143.6,135.0,139.67,10185530,0,Tesla
8/16/2013,141.63,143.91,140.97,142.0,7101590,0,Tesla
8/19/2013,143.43,147.38,142.83,144.9,8028586,0,Tesla
8/20/2013,148.65,149.78,147.0,149.58,6408666,0,Tesla
8/21/2013,150.0,150.31,146.25,147.86,6258960,0,Tesla
8/22/2013,149.25,157.48,148.14,157.1,10585453,0,Tesla
8/23/2013,157.0,162.3,155.0,161.84,12925441,0,Tesla
8/26/2013,165.11,173.0,160.25,164.22,24149703,0,Tesla
8/27/2013,162.3,168.8,160.95,167.01,17549417,0,Tesla
8/28/2013,169.17,171.5,163.25,166.45,14734886,0,Tesla
8/29/2013,164.21,167.75,162.51,166.06,9442271,0,Tesla
8/30/2013,166.37,169.21,163.96,169.0,11017264,0,Tesla
9/3/2013,173.33,173.7,166.4,168.94,12049024,0,Tesla
9/4/2013,169.77,171.62,165.56,170.62,11470189,0,Tesla
9/5/2013,170.1,171.5,168.25,169.93,6691470,0,Tesla
9/6/2013,168.57,169.7,165.15,166.97,8616261,0,Tesla
9/9/2013,163.12,164.5,158.51,160.7,14340606,0,Tesla
9/10/2013,161.44,167.5,160.63,166.37,8961506,0,Tesla
9/11/2013,166.41,167.9,162.13,163.52,5829366,0,Tesla
9/12/2013,164.0,166.76,160.51,164.93,6141724,0,Tesla
9/13/2013,162.77,166.37,162.16,165.54,5408217,0,Tesla
9/16/2013,168.0,170.85,165.85,166.58,7587089,0,Tesla
9/17/2013,165.08,168.42,163.36,166.23,5499596,0,Tesla
9/18/2013,167.09,167.45,164.2,166.22,5420460,0,Tesla
9/19/2013,170.8,180.47,169.08,177.92,15585189,0,Tesla
9/20/2013,178.9,185.83,178.56,183.39,13394611,0,Tesla
9/23/2013,184.48,185.48,177.11,181.11,8185115,0,Tesla
9/24/2013,179.14,184.96,177.65,182.33,6276525,0,Tesla
9/25/2013,183.56,186.3,180.5,185.24,8245040,0,Tesla
9/26/2013,186.7,189.68,185.61,188.64,6616743,0,Tesla
9/27/2013,187.52,191.28,186.43,190.9,5920082,0,Tesla
9/30/2013,189.0,194.5,188.0,193.37,8929920,0,Tesla
10/1/2013,193.96,194.23,188.37,193.0,7759410,0,Tesla
10/2/2013,188.59,191.83,175.4,180.95,20747555,0,Tesla
10/3/2013,175.04,179.69,168.0,173.31,23795031,0,Tesla
10/4/2013,176.4,181.18,172.65,180.98,14393827,0,Tesla
10/7/2013,182.38,186.73,180.26,183.07,11475373,0,Tesla
10/8/2013,184.4,185.93,173.21,174.73,13745964,0,Tesla
10/9/2013,174.73,174.99,161.5,168.78,15312580,0,Tesla
10/10/2013,173.09,175.75,169.69,172.93,8856308,0,Tesla
10/11/2013,172.06,179.29,171.2,178.7,8305180,0,Tesla
10/14/2013,175.0,182.5,174.15,179.72,7765468,0,Tesla
10/15/2013,185.28,188.79,183.18,183.94,10964705,0,Tesla
10/16/2013,184.9,187.3,182.09,183.56,8199235,0,Tesla
10/17/2013,183.54,184.8,180.99,182.8,6696850,0,Tesla
10/18/2013,184.15,185.96,182.52,183.4,5919366,0,Tesla
10/21/2013,183.28,183.39,171.0,172.6,11524670,0,Tesla
10/22/2013,170.5,177.78,166.11,171.54,11391444,0,Tesla
10/23/2013,168.91,171.81,160.15,164.5,13324825,0,Tesla
10/24/2013,165.0,174.5,162.83,173.15,10791066,0,Tesla
10/25/2013,174.21,174.5,166.8,169.66,7591259,0,Tesla
10/28/2013,170.31,170.5,162.2,162.86,7841570,0,Tesla
10/29/2013,162.76,165.45,153.0,164.47,14111103,0,Tesla
10/30/2013,164.63,167.68,158.17,159.22,8400365,0,Tesla
10/31/2013,155.67,162.44,153.3,159.94,9340455,0,Tesla
11/1/2013,163.0,165.9,160.41,162.17,7178771,0,Tesla
11/4/2013,165.0,175.39,164.22,175.2,13088296,0,Tesla
11/5/2013,179.85,181.43,171.36,176.81,22281994,0,Tesla
11/6/2013,154.81,160.73,146.35,151.16,31056137,0,Tesla
11/7/2013,144.19,145.65,137.62,139.77,22247591,0,Tesla
11/8/2013,136.48,140.6,132.32,137.95,22468891,0,Tesla
11/11/2013,141.0,145.42,137.1,144.7,13986739,0,Tesla
11/12/2013,144.69,144.7,136.18,137.8,14950855,0,Tesla
11/13/2013,140.84,142.37,136.34,138.7,12645626,0,Tesla
11/14/2013,138.92,140.4,134.11,137.6,12197344,0,Tesla
11/15/2013,136.85,137.95,134.35,135.45,9885349,0,Tesla
11/18/2013,135.27,135.45,119.61,121.58,23102019,0,Tesla
11/19/2013,119.22,129.0,119.22,126.09,19803316,0,Tesla
11/20/2013,126.08,127.45,119.06,121.11,13840027,0,Tesla
11/21/2013,122.89,124.79,120.25,122.1,11896323,0,Tesla
11/22/2013,121.58,122.75,117.93,121.38,11100202,0,Tesla
11/25/2013,124.5,125.84,120.3,120.84,10269583,0,Tesla
11/26/2013,119.38,122.72,116.1,120.5,13876600,0,Tesla
11/27/2013,121.31,126.95,119.52,126.94,12351585,0,Tesla
11/29/2013,129.77,130.59,126.98,127.28,9716219,0,Tesla
12/2/2013,126.35,128.55,123.93,124.17,7735175,0,Tesla
12/3/2013,132.68,144.94,131.59,144.7,25652319,0,Tesla
12/4/2013,144.32,144.43,137.13,138.95,13136925,0,Tesla
12/5/2013,140.14,143.35,139.5,140.48,9285611,0,Tesla
12/6/2013,141.51,142.49,136.3,137.36,7905100,0,Tesla
12/9/2013,137.0,141.7,134.21,141.6,9050592,0,Tesla
12/10/2013,140.05,145.87,139.86,142.19,10735120,0,Tesla
12/11/2013,141.88,143.05,139.49,139.65,7132691,0,Tesla
12/12/2013,139.8,148.24,138.53,147.47,10760862,0,Tesla
12/13/2013,148.05,151.8,147.32,147.65,10597604,0,Tesla
12/16/2013,148.5,150.43,146.1,147.94,6669377,0,Tesla
12/17/2013,146.9,154.63,146.32,152.46,10481691,0,Tesla
12/18/2013,152.24,154.9,145.95,147.98,11572546,0,Tesla
12/19/2013,146.9,147.0,139.1,140.72,12747406,0,Tesla
12/20/2013,141.58,144.35,141.58,143.24,7416288,0,Tesla
12/23/2013,144.85,146.24,142.6,143.55,5356321,0,Tesla
12/24/2013,150.0,154.97,149.82,151.41,9941485,0,Tesla
12/26/2013,155.04,158.0,154.29,155.5,7126710,0,Tesla
12/27/2013,155.3,155.5,150.8,151.12,5464678,0,Tesla
12/30/2013,151.12,154.81,150.75,152.44,4467563,0,Tesla
12/31/2013,152.32,153.2,148.66,150.43,4263838,0,Tesla
1/2/2014,149.8,152.48,146.55,150.1,6193413,0,Tesla
1/3/2014,150.0,152.19,148.6,149.56,4696630,0,Tesla
1/6/2014,150.0,150.4,145.24,147.0,5365544,0,Tesla
1/7/2014,147.62,150.4,145.25,149.36,5036021,0,Tesla
1/8/2014,148.85,153.7,148.76,151.28,6165081,0,Tesla
1/9/2014,152.5,153.43,146.85,147.53,5384155,0,Tesla
1/10/2014,148.46,148.9,142.25,145.72,7449364,0,Tesla
1/13/2014,145.78,147.0,137.82,139.34,6317607,0,Tesla
1/14/2014,140.51,162.0,136.67,161.27,27789131,0,Tesla
1/15/2014,168.45,172.23,162.1,164.13,20472959,0,Tesla
1/16/2014,162.5,172.7,162.4,170.97,11972723,0,Tesla
1/17/2014,170.19,173.2,167.95,170.01,9211202,0,Tesla
1/21/2014,171.24,177.29,170.81,176.68,9739925,0,Tesla
1/22/2014,177.81,180.32,174.76,178.56,7030302,0,Tesla
1/23/2014,177.23,182.38,173.42,181.5,7887989,0,Tesla
1/24/2014,178.0,180.48,173.53,174.6,7699860,0,Tesla
1/27/2014,175.16,177.92,164.71,169.62,8730116,0,Tesla
1/28/2014,171.5,178.98,171.0,178.38,6110167,0,Tesla
1/29/2014,175.3,179.09,173.13,175.23,5952736,0,Tesla
1/30/2014,178.0,184.78,177.01,182.84,8569494,0,Tesla
1/31/2014,178.85,186.0,178.51,181.41,6509964,0,Tesla
2/3/2014,182.89,184.88,175.16,177.11,6774618,0,Tesla
2/4/2014,180.76,181.6,176.2,178.73,4687864,0,Tesla
2/5/2014,178.36,180.59,169.36,174.42,7272428,0,Tesla
2/6/2014,176.15,180.11,176.0,178.38,5844548,0,Tesla
2/7/2014,181.25,186.63,179.6,186.53,8961249,0,Tesla
2/10/2014,189.34,199.3,189.32,196.56,12981696,0,Tesla
2/11/2014,198.97,202.2,192.7,196.62,10713680,0,Tesla
2/12/2014,195.78,198.27,194.32,195.32,5177996,0,Tesla
2/13/2014,193.34,202.72,193.25,199.63,8128190,0,Tesla
2/14/2014,198.1,201.88,197.0,198.23,6171720,0,Tesla
2/18/2014,205.24,206.0,201.36,203.7,9346524,0,Tesla
2/19/2014,203.7,203.7,193.41,193.64,16314376,0,Tesla
2/20/2014,215.01,215.21,206.27,209.97,18013258,0,Tesla
2/21/2014,211.34,213.98,209.19,209.6,7827154,0,Tesla
2/24/2014,208.76,218.36,208.32,217.65,8299862,0,Tesla
2/25/2014,230.0,259.2,228.45,248.0,32749141,0,Tesla
2/26/2014,258.58,265.0,247.5,253.0,24719248,0,Tesla
2/27/2014,261.11,261.9,248.33,252.54,17958741,0,Tesla
2/28/2014,249.6,252.68,242.55,244.81,14605746,0,Tesla
3/3/2014,237.26,251.65,234.99,250.56,13098203,0,Tesla
3/4/2014,258.48,260.0,252.83,254.84,8756370,0,Tesla
3/5/2014,256.72,256.99,251.8,252.66,5939333,0,Tesla
3/6/2014,254.14,257.5,249.45,252.94,7367594,0,Tesla
3/7/2014,253.45,254.85,244.41,246.21,7815821,0,Tesla
3/10/2014,242.7,243.0,236.06,238.84,7745749,0,Tesla
3/11/2014,236.5,244.6,232.43,234.41,8836348,0,Tesla
3/12/2014,231.5,247.5,231.11,241.49,9763912,0,Tesla
3/13/2014,243.79,244.19,234.0,237.79,6236325,0,Tesla
3/14/2014,235.29,236.94,228.32,230.97,8289518,0,Tesla
3/17/2014,234.95,237.93,230.5,233.98,5912591,0,Tesla
3/18/2014,236.95,241.5,235.02,240.04,6242351,0,Tesla
3/19/2014,241.39,241.55,233.51,235.84,5068487,0,Tesla
3/20/2014,236.16,239.25,233.36,234.91,3817905,0,Tesla
3/21/2014,236.02,236.2,227.5,228.89,8227312,0,Tesla
3/24/2014,229.9,229.9,210.27,220.17,11332947,0,Tesla
3/25/2014,224.14,227.05,217.9,220.44,7865373,0,Tesla
3/26/2014,221.94,222.6,211.35,212.96,6907300,0,Tesla
3/27/2014,212.37,213.6,203.0,207.32,9505308,0,Tesla
3/28/2014,212.9,216.72,210.27,212.37,9684763,0,Tesla
3/31/2014,216.5,216.75,206.39,208.45,8375897,0,Tesla
4/1/2014,209.0,218.16,208.58,216.97,7364915,0,Tesla
4/2/2014,220.0,230.89,218.05,230.29,10762713,0,Tesla
4/3/2014,230.3,235.73,222.0,225.4,10921080,0,Tesla
4/4/2014,226.49,228.27,211.25,212.23,11335611,0,Tesla
4/7/2014,205.81,216.2,203.51,207.52,9841678,0,Tesla
4/8/2014,210.18,216.49,206.42,215.46,6887148,0,Tesla
4/9/2014,216.76,218.45,210.89,216.93,5152368,0,Tesla
4/10/2014,216.82,217.5,203.79,204.19,7208117,0,Tesla
4/11/2014,200.74,207.0,198.6,203.78,9068589,0,Tesla
4/14/2014,207.94,208.44,194.41,198.09,7692903,0,Tesla
4/15/2014,199.09,199.29,184.32,193.91,13664396,0,Tesla
4/16/2014,196.85,199.99,190.82,199.11,7204197,0,Tesla
4/17/2014,199.61,202.29,194.08,198.12,5928259,0,Tesla
4/21/2014,197.08,206.2,194.0,204.38,5263903,0,Tesla
4/22/2014,206.25,219.33,205.01,218.64,9805662,0,Tesla
4/23/2014,216.25,216.74,207.0,207.99,7290336,0,Tesla
4/24/2014,210.81,212.8,203.2,207.86,5502813,0,Tesla
4/25/2014,202.0,206.7,197.65,199.85,6993232,0,Tesla
4/28/2014,200.0,203.79,190.5,198.51,7036551,0,Tesla
4/29/2014,198.21,207.15,195.53,206.92,5780374,0,Tesla
4/30/2014,203.79,208.16,201.28,207.89,4441353,0,Tesla
5/1/2014,207.18,214.02,205.69,207.73,5442977,0,Tesla
5/2/2014,208.51,211.36,206.52,210.91,4089467,0,Tesla
5/5/2014,209.48,217.69,208.52,216.61,5149239,0,Tesla
5/6/2014,216.6,218.66,206.85,207.28,5633016,0,Tesla
5/7/2014,209.64,210.2,197.25,201.35,10129172,0,Tesla
5/8/2014,182.0,194.4,178.0,178.59,20046132,0,Tesla
5/9/2014,179.86,183.4,177.22,182.26,8492032,0,Tesla
5/12/2014,183.87,187.19,179.88,184.67,7002342,0,Tesla
5/13/2014,183.76,191.34,183.0,190.16,7093762,0,Tesla
5/14/2014,188.95,193.48,187.1,190.62,5411450,0,Tesla
5/15/2014,189.98,192.66,185.3,188.59,6045418,0,Tesla
5/16/2014,188.95,192.04,187.72,191.56,4487774,0,Tesla
5/19/2014,190.72,196.89,190.0,196.09,4569594,0,Tesla
5/20/2014,196.93,199.33,193.07,195.3,5550191,0,Tesla
5/21/2014,196.18,199.87,194.79,199.45,5286994,0,Tesla
5/22/2014,200.35,206.88,199.56,204.88,6214591,0,Tesla
5/23/2014,204.4,207.76,202.5,207.3,4009426,0,Tesla
5/27/2014,208.52,213.87,207.7,211.56,5345373,0,Tesla
5/28/2014,210.0,212.77,205.26,210.24,5495383,0,Tesla
5/29/2014,210.57,212.49,207.72,210.24,3692851,0,Tesla
5/30/2014,210.6,214.8,207.02,207.77,5585096,0,Tesla
6/2/2014,207.33,209.35,201.67,204.7,4665475,0,Tesla
6/3/2014,203.49,208.0,202.59,204.94,3865509,0,Tesla
6/4/2014,204.35,206.26,200.4,203.99,3433843,0,Tesla
6/5/2014,204.47,209.2,204.05,206.9,4057350,0,Tesla
6/6/2014,209.75,210.81,207.18,208.17,3074497,0,Tesla
6/9/2014,207.95,209.99,204.2,205.31,2797244,0,Tesla
6/10/2014,204.43,206.97,201.55,202.3,3522300,0,Tesla
6/11/2014,201.5,205.0,199.25,204.47,3978180,0,Tesla
6/12/2014,205.1,209.88,202.71,203.52,5993979,0,Tesla
6/13/2014,204.5,206.79,201.58,206.42,3545324,0,Tesla
6/16/2014,206.76,225.49,206.26,224.61,13239209,0,Tesla
6/17/2014,224.0,235.54,222.85,231.67,13301422,0,Tesla
6/18/2014,231.5,231.71,226.12,227.12,6944037,0,Tesla
6/19/2014,228.88,235.31,227.0,227.79,8797395,0,Tesla
6/20/2014,228.52,231.29,226.2,229.59,4906472,0,Tesla
6/23/2014,229.51,238.99,228.22,237.22,7796231,0,Tesla
6/24/2014,238.66,241.88,231.63,232.5,8079243,0,Tesla
6/25/2014,233.05,237.55,230.24,236.89,5801846,0,Tesla
6/26/2014,237.17,240.4,234.21,235.6,5121843,0,Tesla
6/27/2014,234.69,240.0,234.5,239.06,5637421,0,Tesla
6/30/2014,239.55,244.49,239.0,240.06,4831291,0,Tesla
7/1/2014,242.46,243.44,238.7,239.72,4340128,0,Tesla
7/2/2014,240.66,242.33,227.07,229.43,8035000,0,Tesla
7/3/2014,231.44,231.9,224.0,229.25,5166716,0,Tesla
7/7/2014,227.5,229.78,220.4,222.66,5897694,0,Tesla
7/8/2014,218.65,220.96,214.27,219.07,7841502,0,Tesla
7/9/2014,221.27,224.22,219.21,223.06,4117212,0,Tesla
7/10/2014,217.18,222.22,216.04,219.46,4864542,0,Tesla
7/11/2014,220.61,221.6,217.6,218.13,3305747,0,Tesla
7/14/2014,219.99,228.79,215.45,226.7,7206545,0,Tesla
7/15/2014,226.84,227.65,218.1,219.58,5726064,0,Tesla
7/16/2014,221.92,224.8,216.82,217.16,4047671,0,Tesla
7/17/2014,216.16,220.55,213.6,215.4,4649760,0,Tesla
7/18/2014,215.95,221.21,215.93,220.02,4258376,0,Tesla
7/21/2014,217.25,223.21,216.72,220.54,3824868,0,Tesla
7/22/2014,222.19,223.3,219.11,219.58,2730401,0,Tesla
7/23/2014,220.01,224.75,219.43,222.49,3087517,0,Tesla
7/24/2014,223.25,225.1,220.8,223.54,3246682,0,Tesla
7/25/2014,222.72,226.97,221.75,223.57,3090136,0,Tesla
7/28/2014,224.25,232.0,221.4,224.82,6514856,0,Tesla
7/29/2014,226.61,228.3,224.86,225.01,3384687,0,Tesla
7/30/2014,221.76,229.6,221.04,228.92,4924943,0,Tesla
7/31/2014,229.26,231.4,221.5,223.3,7718864,0,Tesla
8/1/2014,226.02,237.5,226.0,233.27,11896312,0,Tesla
8/4/2014,234.38,240.5,233.27,238.52,5964318,0,Tesla
8/5/2014,237.31,242.99,235.69,238.49,5385394,0,Tesla
8/6/2014,238.9,251.42,238.58,248.93,9238110,0,Tesla
8/7/2014,250.12,256.69,249.12,252.39,7469091,0,Tesla
8/8/2014,251.16,251.76,246.5,248.13,5097742,0,Tesla
8/11/2014,255.14,263.74,255.0,259.32,8096395,0,Tesla
8/12/2014,258.08,260.3,254.58,259.96,6384343,0,Tesla
8/13/2014,262.01,265.64,259.61,260.31,6923841,0,Tesla
8/14/2014,262.49,263.0,256.5,261.38,4124822,0,Tesla
8/15/2014,261.48,262.09,258.5,262.01,3862040,0,Tesla
8/18/2014,263.25,267.26,259.75,259.94,5845045,0,Tesla
8/19/2014,258.87,259.33,251.62,256.76,5339441,0,Tesla
8/20/2014,254.67,258.74,253.0,255.71,3020975,0,Tesla
8/21/2014,256.52,258.8,253.26,254.34,2917881,0,Tesla
8/22/2014,254.54,256.95,252.61,256.78,2836116,0,Tesla
8/25/2014,258.19,263.68,258.19,262.55,4316612,0,Tesla
8/26/2014,264.98,265.5,261.66,261.74,3821689,0,Tesla
8/27/2014,263.5,264.24,260.29,263.25,2988243,0,Tesla
8/28/2014,261.89,264.48,261.64,263.86,2847795,0,Tesla
8/29/2014,268.7,272.0,267.51,269.7,6450933,0,Tesla
9/2/2014,275.5,284.89,274.3,284.12,9837877,0,Tesla
9/3/2014,287.67,288.0,280.1,281.19,6776476,0,Tesla
9/4/2014,284.1,291.42,280.4,286.04,8336181,0,Tesla
9/5/2014,282.5,282.9,272.51,277.39,11172960,0,Tesla
9/8/2014,277.99,284.88,277.52,282.11,5503257,0,Tesla
9/9/2014,282.99,285.49,277.0,278.48,4566607,0,Tesla
9/10/2014,279.5,281.41,273.66,281.1,3783298,0,Tesla
9/11/2014,280.46,284.79,278.63,280.31,3766514,0,Tesla
9/12/2014,280.77,282.39,277.0,279.2,3326702,0,Tesla
9/15/2014,274.37,274.4,249.13,253.86,16462666,0,Tesla
9/16/2014,255.15,262.46,252.42,260.74,8301533,0,Tesla
9/17/2014,262.61,264.7,259.5,261.38,5179248,0,Tesla
9/18/2014,263.37,265.6,262.32,263.82,3695295,0,Tesla
9/19/2014,257.99,261.43,255.27,259.32,6811091,0,Tesla
9/22/2014,255.0,256.02,244.71,250.03,8220530,0,Tesla
9/23/2014,245.22,253.8,245.0,250.41,5659586,0,Tesla
9/24/2014,251.12,252.84,247.04,252.14,3751422,0,Tesla
9/25/2014,252.52,254.96,246.1,246.95,4841166,0,Tesla
9/26/2014,248.25,249.73,246.07,246.6,3797706,0,Tesla
9/29/2014,244.0,248.64,241.38,245.26,4853799,0,Tesla
9/30/2014,246.92,247.65,240.12,242.68,4246852,0,Tesla
10/1/2014,242.2,242.66,235.65,240.24,5944624,0,Tesla
10/2/2014,250.2,252.79,245.36,251.42,8999601,0,Tesla
10/3/2014,253.1,256.5,251.03,255.21,5407349,0,Tesla
10/6/2014,259.13,262.49,257.8,260.62,7716440,0,Tesla
10/7/2014,258.53,261.46,255.73,259.57,4487025,0,Tesla
10/8/2014,260.1,262.88,252.64,259.28,5059361,0,Tesla
10/9/2014,262.25,265.54,254.4,257.01,7354414,0,Tesla
10/10/2014,244.64,245.89,235.2,236.91,12890700,0,Tesla
10/13/2014,238.57,238.96,221.0,224.59,11271995,0,Tesla
10/14/2014,228.25,232.47,223.0,227.06,7108069,0,Tesla
10/15/2014,220.0,230.99,217.32,229.7,9149317,0,Tesla
10/16/2014,219.72,229.92,219.1,226.35,5402281,0,Tesla
10/17/2014,233.38,234.77,226.55,227.48,10551252,0,Tesla
10/20/2014,226.72,232.4,225.51,230.47,3497790,0,Tesla
10/21/2014,234.28,235.39,230.8,235.34,4125337,0,Tesla
10/22/2014,233.19,237.39,230.56,231.1,4120286,0,Tesla
10/23/2014,234.65,236.28,232.0,235.29,3494532,0,Tesla
10/24/2014,236.27,237.8,231.2,235.24,3464095,0,Tesla
10/27/2014,234.25,234.61,220.31,221.67,9553270,0,Tesla
10/28/2014,229.6,244.6,228.25,242.77,10516245,0,Tesla
10/29/2014,241.2,241.5,235.64,238.1,4967639,0,Tesla
10/30/2014,238.14,240.5,235.06,238.66,3228321,0,Tesla
10/31/2014,242.51,243.12,238.75,241.7,3775327,0,Tesla
11/3/2014,243.0,247.56,241.32,242.59,4204811,0,Tesla
11/4/2014,240.49,242.35,236.53,238.93,3680397,0,Tesla
11/5/2014,241.0,241.36,230.53,230.97,8991482,0,Tesla
11/6/2014,234.72,246.69,228.5,241.22,15348559,0,Tesla
11/7/2014,242.19,242.84,237.2,240.2,5159550,0,Tesla
11/10/2014,239.11,242.88,236.8,241.93,4575961,0,Tesla
11/11/2014,242.55,251.82,242.0,251.08,7951559,0,Tesla
11/12/2014,249.72,252.34,245.58,249.1,5868808,0,Tesla
11/13/2014,250.62,255.75,250.25,251.7,6233778,0,Tesla
11/14/2014,250.0,258.85,248.5,258.68,6098847,0,Tesla
11/17/2014,257.49,259.0,252.02,253.98,4024178,0,Tesla
11/18/2014,255.86,259.99,255.51,257.7,4473070,0,Tesla
11/19/2014,250.35,251.88,245.6,247.74,7914901,0,Tesla
11/20/2014,248.0,250.93,246.0,248.71,3586796,0,Tesla
11/21/2014,252.21,252.78,242.17,242.78,7481836,0,Tesla
11/24/2014,245.2,247.6,240.64,246.72,4787832,0,Tesla
11/25/2014,247.35,249.72,246.09,248.09,3156210,0,Tesla
11/26/2014,248.34,249.0,246.6,248.44,1981459,0,Tesla
11/28/2014,245.35,246.69,242.52,244.52,2119688,0,Tesla
12/1/2014,241.16,242.47,229.01,231.64,8617984,0,Tesla
12/2/2014,234.33,234.88,228.0,231.43,5884948,0,Tesla
12/3/2014,226.04,229.72,225.5,229.3,5304525,0,Tesla
12/4/2014,228.92,230.9,227.81,228.28,3872336,0,Tesla
12/5/2014,228.67,229.39,222.26,223.71,6062811,0,Tesla
12/8/2014,221.21,224.86,212.34,214.36,9224167,0,Tesla
12/9/2014,209.48,217.73,204.27,216.89,9428797,0,Tesla
12/10/2014,214.13,216.77,207.7,209.84,7310273,0,Tesla
12/11/2014,210.53,215.43,208.23,208.88,6693472,0,Tesla
12/12/2014,204.82,211.68,204.5,207.0,7171525,0,Tesla
12/15/2014,209.27,209.8,202.67,204.04,5216516,0,Tesla
12/16/2014,200.75,203.68,195.37,197.81,8419521,0,Tesla
12/17/2014,193.06,206.65,192.65,205.82,7365964,0,Tesla
12/18/2014,212.38,218.44,211.8,218.26,7481412,0,Tesla
12/19/2014,220.19,220.4,214.5,219.29,6906351,0,Tesla
12/22/2014,219.99,224.06,218.26,222.6,4806071,0,Tesla
12/23/2014,223.81,224.32,219.52,220.97,4512342,0,Tesla
12/24/2014,219.77,222.5,219.25,222.26,1333518,0,Tesla
12/26/2014,221.51,228.5,221.5,227.82,3326266,0,Tesla
12/29/2014,226.9,227.91,224.02,225.71,2811510,0,Tesla
12/30/2014,223.99,225.65,221.4,222.23,2902982,0,Tesla
12/31/2014,223.09,225.68,222.25,222.41,2401892,0,Tesla
1/2/2015,222.87,223.25,213.26,219.31,4764103,0,Tesla
1/5/2015,214.5,216.5,207.16,210.09,5365874,0,Tesla
1/6/2015,210.06,214.2,204.21,211.28,6261603,0,Tesla
1/7/2015,213.35,214.78,209.78,210.95,2967650,0,Tesla
1/8/2015,212.81,213.8,210.01,210.62,3442304,0,Tesla
1/9/2015,208.92,209.98,204.96,206.66,4668185,0,Tesla
1/12/2015,203.05,204.47,199.25,202.21,5950245,0,Tesla
1/13/2015,203.32,207.61,200.91,204.25,4447745,0,Tesla
1/14/2015,185.83,195.2,185.0,192.69,11550804,0,Tesla
1/15/2015,194.49,195.75,190.0,191.87,5215021,0,Tesla
1/16/2015,190.7,194.49,189.65,193.07,3603059,0,Tesla
1/20/2015,193.87,194.12,187.04,191.93,6100563,0,Tesla
1/21/2015,189.55,198.68,189.55,196.57,5389193,0,Tesla
1/22/2015,197.0,203.24,195.2,201.62,5576260,0,Tesla
1/23/2015,200.16,203.5,198.33,201.29,4458009,0,Tesla
1/26/2015,201.83,208.62,201.05,206.55,3232634,0,Tesla
1/27/2015,204.41,208.03,203.3,205.98,2780619,0,Tesla
1/28/2015,206.11,206.37,198.42,199.37,3120021,0,Tesla
1/29/2015,201.07,205.98,196.5,205.2,3546947,0,Tesla
1/30/2015,203.96,207.47,203.0,203.6,3006739,0,Tesla
2/2/2015,203.97,211.95,203.3,210.94,4148615,0,Tesla
2/3/2015,213.11,220.37,211.27,218.36,4825015,0,Tesla
2/4/2015,218.29,221.48,216.8,218.55,3305109,0,Tesla
2/5/2015,219.88,225.48,219.64,220.99,3522499,0,Tesla
2/6/2015,222.0,223.4,216.5,217.36,3242225,0,Tesla
2/9/2015,215.38,217.93,211.99,217.48,3471950,0,Tesla
2/10/2015,217.63,220.5,215.0,216.29,5374111,0,Tesla
2/11/2015,212.21,214.74,207.28,212.8,9657497,0,Tesla
2/12/2015,193.57,203.09,193.28,202.88,15645581,0,Tesla
2/13/2015,202.89,205.99,200.91,203.77,6177508,0,Tesla
2/17/2015,205.7,205.7,201.5,204.35,3977927,0,Tesla
2/18/2015,204.17,206.17,202.6,204.46,2712570,0,Tesla
2/19/2015,205.0,212.44,203.75,211.71,5150645,0,Tesla
2/20/2015,210.78,217.6,209.81,217.11,5980040,0,Tesla
2/23/2015,214.52,218.2,206.33,207.34,8497684,0,Tesla
2/24/2015,207.29,207.29,201.7,204.11,6601022,0,Tesla
2/25/2015,204.94,207.14,202.58,203.76,3908746,0,Tesla
2/26/2015,204.0,211.09,202.22,207.19,6472262,0,Tesla
2/27/2015,206.81,208.55,202.8,203.34,3881426,0,Tesla
3/2/2015,202.7,203.34,195.82,197.32,7922000,0,Tesla
3/3/2015,196.81,200.24,195.32,199.56,4432300,0,Tesla
3/4/2015,199.25,202.52,197.21,202.43,4221900,0,Tesla
3/5/2015,202.85,206.19,200.15,200.63,4877000,0,Tesla
3/6/2015,199.21,200.75,192.15,193.88,6712400,0,Tesla
3/9/2015,194.39,194.49,188.25,190.88,6736700,0,Tesla
3/10/2015,188.46,193.5,187.6,190.32,5579600,0,Tesla
3/11/2015,191.11,196.18,191.01,193.74,4974800,0,Tesla
3/12/2015,193.75,194.45,187.85,188.68,4158076,0,Tesla
3/13/2015,188.92,191.75,187.32,188.68,5434200,0,Tesla
3/16/2015,192.0,195.91,189.8,195.7,5628700,0,Tesla
3/17/2015,195.43,198.71,193.94,194.73,4894000,0,Tesla
3/18/2015,194.96,200.88,193.11,200.71,4820900,0,Tesla
3/19/2015,202.0,204.59,194.53,195.65,8475200,0,Tesla
3/20/2015,197.45,198.99,195.62,198.08,4269400,0,Tesla
3/23/2015,198.48,200.5,197.47,199.63,2631600,0,Tesla
3/24/2015,201.58,203.79,199.75,201.72,3649800,0,Tesla
3/25/2015,198.5,198.59,192.7,194.3,5730300,0,Tesla
3/26/2015,193.92,194.79,189.7,190.4,4127900,0,Tesla
3/27/2015,189.07,189.29,181.4,185.0,8604900,0,Tesla
3/30/2015,185.85,192.25,181.8,190.57,10089500,0,Tesla
3/31/2015,193.54,193.76,188.41,188.77,5026569,0,Tesla
4/1/2015,188.7,192.3,186.05,187.59,3794600,0,Tesla
4/2/2015,190.23,193.23,190.0,191.0,5010300,0,Tesla
4/6/2015,198.0,207.75,197.5,203.1,12455800,0,Tesla
4/7/2015,202.15,205.06,201.14,203.25,4346855,0,Tesla
4/8/2015,208.56,210.9,205.87,207.67,6303100,0,Tesla
4/9/2015,208.43,210.37,206.12,210.09,3797207,0,Tesla
4/10/2015,209.85,211.65,209.0,210.9,4067600,0,Tesla
4/13/2015,210.72,213.0,209.05,209.78,3758200,0,Tesla
4/14/2015,208.57,209.49,205.5,207.46,3025900,0,Tesla
4/15/2015,207.46,209.59,206.6,207.83,1946934,0,Tesla
4/16/2015,207.7,209.17,206.29,206.7,1659059,0,Tesla
4/17/2015,204.99,206.88,203.5,206.79,2469900,0,Tesla
4/20/2015,206.78,207.85,203.85,205.27,2559226,0,Tesla
4/21/2015,205.8,210.75,204.31,209.41,3430504,0,Tesla
4/22/2015,212.5,221.88,211.69,219.44,7861380,0,Tesla
4/23/2015,218.27,221.48,217.15,218.6,4411100,0,Tesla
4/24/2015,220.5,220.8,218.01,218.43,2427843,0,Tesla
4/27/2015,222.56,238.75,222.0,231.55,11672600,0,Tesla
4/28/2015,234.75,235.5,228.03,230.48,6085379,0,Tesla
4/29/2015,230.05,234.97,227.63,232.45,3936000,0,Tesla
4/30/2015,230.39,232.89,225.17,226.05,3911800,0,Tesla
5/1/2015,229.94,231.77,220.4,226.03,5281600,0,Tesla
5/4/2015,228.18,234.73,227.11,230.51,4434500,0,Tesla
5/5/2015,237.76,239.5,229.13,232.95,5796800,0,Tesla
5/6/2015,234.1,234.47,228.2,230.43,5235820,0,Tesla
5/7/2015,221.0,237.48,220.25,236.8,9448627,0,Tesla
5/8/2015,235.99,238.41,233.7,236.61,4668200,0,Tesla
5/11/2015,236.29,242.88,235.31,239.49,5672200,0,Tesla
5/12/2015,240.11,246.35,238.19,244.74,6363429,0,Tesla
5/13/2015,247.61,248.3,242.25,243.18,5440100,0,Tesla
5/14/2015,244.82,244.89,241.25,244.1,2895900,0,Tesla
5/15/2015,244.26,249.4,242.5,248.84,4525127,0,Tesla
5/18/2015,246.86,249.9,246.0,248.75,3352368,0,Tesla
5/19/2015,248.34,251.0,246.15,247.14,3674231,0,Tesla
5/20/2015,247.13,247.74,241.37,244.35,3755500,0,Tesla
5/21/2015,243.03,246.62,242.36,245.62,1970600,0,Tesla
5/22/2015,245.45,248.6,245.01,247.73,2223000,0,Tesla
5/26/2015,247.68,252.0,246.5,247.46,3497564,0,Tesla
5/27/2015,248.51,249.5,245.55,247.43,3408200,0,Tesla
5/28/2015,247.03,251.8,245.05,251.45,3646480,0,Tesla
5/29/2015,251.0,252.87,249.43,250.8,3789200,0,Tesla
6/1/2015,251.41,251.6,247.47,249.45,2505057,0,Tesla
6/2/2015,248.92,249.4,246.3,248.35,2129440,0,Tesla
6/3/2015,248.2,250.72,247.01,248.99,1781500,0,Tesla
6/4/2015,247.5,249.3,245.71,245.92,2453600,0,Tesla
6/5/2015,246.16,249.7,245.68,249.14,3022000,0,Tesla
6/8/2015,250.76,258.75,250.31,256.29,5016900,0,Tesla
6/9/2015,255.4,257.74,254.14,256.0,2609744,0,Tesla
6/10/2015,251.9,254.0,248.5,250.7,3454074,0,Tesla
6/11/2015,253.26,254.37,250.43,251.41,2044058,0,Tesla
6/12/2015,250.61,253.46,250.21,250.69,1418300,0,Tesla
6/15/2015,249.7,251.28,246.01,250.38,2186100,0,Tesla
6/16/2015,250.13,253.44,249.1,253.12,1984600,0,Tesla
6/17/2015,252.17,264.36,252.02,260.41,5512900,0,Tesla
6/18/2015,262.0,263.46,260.02,261.89,2782700,0,Tesla
6/19/2015,262.4,263.8,260.1,262.51,2463000,0,Tesla
6/22/2015,262.15,264.4,255.69,259.79,4561000,0,Tesla
6/23/2015,260.31,268.0,258.57,267.67,3870818,0,Tesla
6/24/2015,266.98,267.35,263.72,265.17,2412200,0,Tesla
6/25/2015,266.45,271.41,265.25,268.79,2849200,0,Tesla
6/26/2015,268.89,269.11,266.0,267.09,3838400,0,Tesla
6/29/2015,261.95,265.95,260.7,262.02,3478900,0,Tesla
6/30/2015,264.8,270.92,264.0,268.26,3086935,0,Tesla
7/1/2015,271.11,272.62,267.85,269.15,2101200,0,Tesla
7/2/2015,280.0,282.45,273.31,280.02,7163900,0,Tesla
7/6/2015,278.45,281.69,276.3,279.72,4121900,0,Tesla
7/7/2015,275.0,275.2,260.77,267.88,6105100,0,Tesla
7/8/2015,259.32,260.8,254.31,254.96,6221000,0,Tesla
7/9/2015,259.08,262.95,256.79,257.92,3334000,0,Tesla
7/10/2015,262.22,263.0,257.82,259.15,2610800,0,Tesla
7/13/2015,262.2,262.55,256.05,262.16,2960300,0,Tesla
7/14/2015,262.1,265.99,260.51,265.65,1907422,0,Tesla
7/15/2015,266.74,267.49,262.08,263.14,2020863,0,Tesla
7/16/2015,264.22,267.2,263.16,266.68,1615900,0,Tesla
7/17/2015,272.42,275.54,268.25,274.66,5004000,0,Tesla
7/20/2015,275.0,286.65,272.54,282.26,4978400,0,Tesla
7/21/2015,270.05,273.5,266.55,266.77,6108600,0,Tesla
7/22/2015,261.27,269.44,260.86,267.87,3104900,0,Tesla
7/23/2015,269.65,269.9,265.27,267.2,2227200,0,Tesla
7/24/2015,267.38,271.09,263.92,265.41,2836400,0,Tesla
7/27/2015,262.43,264.43,250.79,253.01,4694100,0,Tesla
7/28/2015,255.75,265.4,251.84,264.82,3895800,0,Tesla
7/29/2015,264.27,267.89,262.0,263.82,2790000,0,Tesla
7/30/2015,262.69,266.94,262.11,266.79,2034500,0,Tesla
7/31/2015,267.6,269.36,265.12,266.15,2222500,0,Tesla
8/3/2015,266.29,266.71,257.07,259.99,2553108,0,Tesla
8/4/2015,260.01,266.72,258.34,266.28,2352500,0,Tesla
8/5/2015,263.58,271.0,260.4,270.13,6214300,0,Tesla
8/6/2015,249.54,255.0,236.12,246.13,14619742,0,Tesla
8/7/2015,243.58,243.73,238.39,242.51,5073300,0,Tesla
8/10/2015,238.15,242.97,236.05,241.14,4185800,0,Tesla
8/11/2015,237.15,239.3,234.44,237.37,4262314,0,Tesla
8/12/2015,235.0,239.77,232.74,238.17,3739100,0,Tesla
8/13/2015,239.86,246.48,239.12,242.51,4689100,0,Tesla
8/14/2015,247.24,247.93,241.77,243.15,4364800,0,Tesla
8/17/2015,255.56,256.59,250.51,254.99,7176600,0,Tesla
8/18/2015,255.38,260.95,253.56,260.72,4195000,0,Tesla
8/19/2015,260.33,260.65,255.02,255.25,3604200,0,Tesla
8/20/2015,252.06,254.56,241.9,242.18,4905700,0,Tesla
8/21/2015,236.0,243.8,230.51,230.77,6590200,0,Tesla
8/24/2015,202.79,231.4,195.0,218.87,9580689,0,Tesla
8/25/2015,230.69,230.9,219.12,220.03,4327200,0,Tesla
8/26/2015,227.93,228.0,215.51,224.84,4963000,0,Tesla
8/27/2015,231.0,244.75,230.81,242.99,7655900,0,Tesla
8/28/2015,241.86,251.45,241.57,248.48,5513600,0,Tesla
8/31/2015,245.62,254.95,245.51,249.06,4700200,0,Tesla
9/1/2015,240.34,246.0,236.97,238.63,5454700,0,Tesla
9/2/2015,245.3,247.88,239.78,247.69,4629100,0,Tesla
9/3/2015,252.06,252.08,245.0,245.57,4194700,0,Tesla
9/4/2015,240.89,244.09,238.2,241.93,3689100,0,Tesla
9/8/2015,245.05,249.16,244.05,248.17,3138200,0,Tesla
9/9/2015,252.05,254.25,248.3,248.91,3390700,0,Tesla
9/10/2015,247.23,250.72,245.33,248.48,2708962,0,Tesla
9/11/2015,247.64,250.24,244.73,250.24,2350800,0,Tesla
9/14/2015,251.1,254.25,249.67,253.19,2890800,0,Tesla
9/15/2015,252.75,254.6,249.5,253.57,2933400,0,Tesla
9/16/2015,253.04,262.88,252.88,262.25,4417000,0,Tesla
9/17/2015,263.96,265.5,260.69,262.07,3585812,0,Tesla
9/18/2015,257.96,263.82,257.5,260.62,3763000,0,Tesla
9/21/2015,263.98,271.57,255.8,264.2,6120100,0,Tesla
9/22/2015,259.03,262.65,255.87,260.94,3664300,0,Tesla
9/23/2015,261.95,262.08,257.58,261.06,2600778,0,Tesla
9/24/2015,259.53,263.45,256.21,263.12,3444927,0,Tesla
9/25/2015,266.61,266.91,256.15,256.91,3773300,0,Tesla
9/28/2015,257.35,259.79,246.61,248.43,4900579,0,Tesla
9/29/2015,250.46,254.73,245.46,246.65,3703100,0,Tesla
9/30/2015,252.0,252.4,242.34,248.4,4929500,0,Tesla
10/1/2015,247.51,248.5,237.13,239.88,4572900,0,Tesla
10/2/2015,235.6,247.7,234.93,247.57,4423900,0,Tesla
10/5/2015,248.84,249.84,244.13,246.15,3688888,0,Tesla
10/6/2015,240.0,243.03,235.58,241.46,5235800,0,Tesla
10/7/2015,236.63,237.7,229.12,231.96,6813900,0,Tesla
10/8/2015,230.08,230.72,221.31,226.72,6133200,0,Tesla
10/9/2015,220.93,224.37,218.36,220.69,6156800,0,Tesla
10/12/2015,222.99,223.0,215.27,215.58,3832398,0,Tesla
10/13/2015,213.28,222.52,211.13,219.25,5171500,0,Tesla
10/14/2015,220.67,220.95,215.43,216.88,3104400,0,Tesla
10/15/2015,216.43,221.73,213.7,221.31,2844200,0,Tesla
10/16/2015,223.04,230.48,222.87,227.01,4334400,0,Tesla
10/19/2015,226.5,231.15,224.94,228.1,2507895,0,Tesla
10/20/2015,227.72,228.6,202.0,213.03,12455898,0,Tesla
10/21/2015,211.99,214.81,208.8,210.09,4183400,0,Tesla
10/22/2015,211.56,215.75,209.4,211.72,2825100,0,Tesla
10/23/2015,215.0,215.35,207.69,209.09,4235400,0,Tesla
10/26/2015,211.38,215.88,210.0,215.26,3391400,0,Tesla
10/27/2015,214.84,217.1,207.51,210.35,3519400,0,Tesla
10/28/2015,211.31,213.45,208.3,212.96,2728500,0,Tesla
10/29/2015,211.75,213.75,210.64,211.63,1805000,0,Tesla
10/30/2015,210.4,211.63,203.89,206.93,4438900,0,Tesla
11/2/2015,208.92,215.8,207.22,213.79,3927773,0,Tesla
11/3/2015,213.85,214.44,207.75,208.35,8332400,0,Tesla
11/4/2015,227.0,232.74,225.2,231.63,12725052,0,Tesla
11/5/2015,230.58,234.58,229.19,231.77,4496800,0,Tesla
11/6/2015,230.7,233.36,229.5,232.36,2445200,0,Tesla
11/9/2015,232.99,232.99,224.31,225.33,3850860,0,Tesla
11/10/2015,223.48,223.7,216.08,216.5,4617000,0,Tesla
11/11/2015,217.77,219.48,213.63,219.08,3347800,0,Tesla
11/12/2015,217.85,219.0,212.66,212.94,2915900,0,Tesla
11/13/2015,212.95,212.99,206.52,207.19,3430300,0,Tesla
11/16/2015,206.09,214.98,205.8,214.31,2925300,0,Tesla
11/17/2015,215.2,216.0,211.4,214.0,2148600,0,Tesla
11/18/2015,214.5,221.38,212.52,221.07,2811900,0,Tesla
11/19/2015,220.54,226.19,220.3,221.8,2504300,0,Tesla
11/20/2015,223.49,225.0,213.58,220.01,4400700,0,Tesla
11/23/2015,217.35,219.18,214.68,217.75,2526100,0,Tesla
11/24/2015,215.37,221.0,215.0,218.25,2479300,0,Tesla
11/25/2015,221.34,230.82,220.38,229.64,3990700,0,Tesla
11/27/2015,231.06,232.25,227.01,231.61,1949300,0,Tesla
11/30/2015,231.79,234.28,229.08,230.26,2659800,0,Tesla
12/1/2015,231.06,238.0,231.05,237.19,3733955,0,Tesla
12/2/2015,237.0,238.6,231.23,231.99,2980768,0,Tesla
12/3/2015,235.48,237.45,230.0,232.71,2939533,0,Tesla
12/4/2015,232.46,233.27,227.66,230.38,2573600,0,Tesla
12/7/2015,227.7,235.63,226.15,231.13,3144200,0,Tesla
12/8/2015,227.52,228.8,224.2,226.72,2687636,0,Tesla
12/9/2015,226.7,227.5,220.72,224.52,3057700,0,Tesla
12/10/2015,224.71,228.49,223.64,227.07,2071600,0,Tesla
12/11/2015,225.24,225.75,216.64,217.02,3268700,0,Tesla
12/14/2015,217.51,220.92,214.87,218.58,2830798,0,Tesla
12/15/2015,221.82,222.22,218.0,221.09,2244400,0,Tesla
12/16/2015,222.1,234.88,220.73,234.51,5104300,0,Tesla
12/17/2015,233.94,237.76,229.81,233.39,3298600,0,Tesla
12/18/2015,232.89,235.9,229.29,230.46,3014100,0,Tesla
12/21/2015,231.69,235.83,231.08,232.56,1953100,0,Tesla
12/22/2015,234.99,236.55,229.63,229.95,1961155,0,Tesla
12/23/2015,232.18,233.45,228.13,229.7,1554900,0,Tesla
12/24/2015,230.56,231.88,228.28,230.57,710277,0,Tesla
12/28/2015,231.49,231.98,225.54,228.95,1901304,0,Tesla
12/29/2015,230.06,237.72,229.55,237.19,2406290,0,Tesla
12/30/2015,236.6,243.634,235.671,238.09,3124074,0,Tesla
12/31/2015,238.51,243.45,238.37,240.01,2503103,0,Tesla
1/4/2016,230.72,231.38,219.0,223.41,6124482,0,Tesla
1/5/2016,226.36,232.3,220.0,223.43,3086425,0,Tesla
1/6/2016,220.0,220.05,215.98,219.04,3492811,0,Tesla
1/7/2016,214.19,218.44,213.67,215.65,3410786,0,Tesla
1/8/2016,217.86,220.44,210.77,211.0,3504461,0,Tesla
1/11/2016,214.01,214.45,203.0,207.85,4091422,0,Tesla
1/12/2016,211.6,213.74,205.31,209.97,2595389,0,Tesla
1/13/2016,212.01,212.65,200.0,200.31,3821277,0,Tesla
1/14/2016,202.21,210.0,193.38,206.18,5965537,0,Tesla
1/15/2016,198.97,205.07,197.25,204.99,4251085,0,Tesla
1/19/2016,208.71,210.47,200.78,204.72,4038600,0,Tesla
1/20/2016,199.4,201.28,191.25,198.7,5319658,0,Tesla
1/21/2016,201.55,203.23,195.02,199.97,2955075,0,Tesla
1/22/2016,204.801,205.5,199.03,202.55,3081626,0,Tesla
1/25/2016,200.06,203.57,195.88,196.37,2150984,0,Tesla
1/26/2016,196.7,197.82,188.88,193.56,4123942,0,Tesla
1/27/2016,192.38,193.26,185.77,188.07,3530660,0,Tesla
1/28/2016,190.79,191.28,182.41,189.7,3867413,0,Tesla
1/29/2016,189.95,193.74,188.08,191.11,2244637,0,Tesla
2/1/2016,188.76,199.52,182.75,196.94,4572522,0,Tesla
2/2/2016,192.42,193.12,180.23,182.78,4994163,0,Tesla
2/3/2016,183.59,183.94,170.18,173.48,6766212,0,Tesla
2/4/2016,170.7,175.98,166.99,175.33,3697860,0,Tesla
2/5/2016,171.3,173.0,157.744,162.6,8856904,0,Tesla
2/8/2016,157.105,157.15,146.0,148.03,7657160,0,Tesla
2/9/2016,142.32,159.79,141.05,148.25,7950407,0,Tesla
2/10/2016,150.5,154.97,141.74,143.67,8053123,0,Tesla
2/11/2016,152.0,163.26,147.0,150.47,13417556,0,Tesla
2/12/2016,155.0,157.01,143.7,151.04,6375109,0,Tesla
2/16/2016,158.7,162.95,154.11,155.17,5354390,0,Tesla
2/17/2016,159.0,169.34,156.68,168.68,5100855,0,Tesla
2/18/2016,172.42,172.95,164.77,166.77,3527362,0,Tesla
2/19/2016,163.66,167.49,162.5,166.58,2484298,0,Tesla
2/22/2016,170.12,178.91,169.85,177.74,4417725,0,Tesla
2/23/2016,176.16,181.73,173.68,177.21,5876295,0,Tesla
2/24/2016,172.75,179.5,167.84,179.0,4635777,0,Tesla
2/25/2016,178.65,188.519,175.2,187.43,4517456,0,Tesla
2/26/2016,188.7,192.0,185.0,190.34,5230574,0,Tesla
2/29/2016,192.4,196.35,189.222,191.93,4226478,0,Tesla
3/1/2016,194.25,195.948,182.7,186.35,5835029,0,Tesla
3/2/2016,183.73,188.52,181.5,188.34,4536212,0,Tesla
3/3/2016,188.28,197.42,184.22,195.74,4246868,0,Tesla
3/4/2016,198.0,204.03,197.5,201.04,5732174,0,Tesla
3/7/2016,197.68,209.7,197.4,205.29,4489102,0,Tesla
3/8/2016,203.5,207.5,202.2,202.6,3828797,0,Tesla
3/9/2016,204.52,209.373,202.79,208.72,2752317,0,Tesla
3/10/2016,210.0,213.29,200.671,205.18,5192523,0,Tesla
3/11/2016,207.93,209.42,205.33,207.5,2816476,0,Tesla
3/14/2016,212.65,216.72,210.64,215.15,4065706,0,Tesla
3/15/2016,214.27,218.97,211.5,218.34,3180452,0,Tesla
3/16/2016,218.0,222.58,217.02,221.93,3516703,0,Tesla
3/17/2016,221.47,228.5,220.0,226.38,3782891,0,Tesla
3/18/2016,229.1,234.48,228.06,232.74,4711793,0,Tesla
3/21/2016,235.34,239.88,235.0,238.32,5307822,0,Tesla
3/22/2016,237.21,238.99,232.558,234.24,4315988,0,Tesla
3/23/2016,232.37,234.73,222.03,222.58,4948841,0,Tesla
3/24/2016,215.78,228.888,215.0,227.75,4960900,0,Tesla
3/28/2016,231.61,234.81,225.0,230.26,3326412,0,Tesla
3/29/2016,229.89,232.38,225.33,230.13,3850008,0,Tesla
3/30/2016,235.09,235.5,226.5,226.89,3499648,0,Tesla
3/31/2016,229.34,237.42,225.01,229.77,6849312,0,Tesla
4/1/2016,244.825,247.9,233.25,237.59,15013575,0,Tesla
4/4/2016,249.12,252.12,243.64,246.99,11437981,0,Tesla
4/5/2016,240.5,256.56,240.0,255.47,9669381,0,Tesla
4/6/2016,253.97,267.74,253.45,265.42,9839525,0,Tesla
4/7/2016,266.45,269.34,254.51,257.2,7641985,0,Tesla
4/8/2016,260.5,260.82,248.02,250.07,6178753,0,Tesla
4/11/2016,251.0,258.99,245.3,249.92,7916097,0,Tesla
4/12/2016,249.5,251.8,243.63,247.82,4913016,0,Tesla
4/13/2016,248.51,255.5,247.33,254.53,4252144,0,Tesla
4/14/2016,253.0,256.839,251.05,251.86,3652819,0,Tesla
4/15/2016,251.31,254.6,249.12,254.51,3430213,0,Tesla
4/18/2016,252.23,258.31,251.66,253.88,4054702,0,Tesla
4/19/2016,253.12,254.37,241.251,247.37,5403359,0,Tesla
4/20/2016,246.26,253.66,241.5,249.97,4735351,0,Tesla
4/21/2016,248.99,250.9,246.91,248.29,2645018,0,Tesla
4/22/2016,248.89,254.0,245.71,253.75,3337973,0,Tesla
4/25/2016,253.01,257.38,250.76,251.82,3070857,0,Tesla
4/26/2016,252.05,255.73,249.39,253.74,2776157,0,Tesla
4/27/2016,252.75,255.0,249.4,251.47,2977861,0,Tesla
4/28/2016,249.85,253.43,247.44,247.71,2128265,0,Tesla
4/29/2016,248.14,248.43,237.81,240.76,4520491,0,Tesla
5/2/2016,241.5,243.19,234.82,241.8,3252350,0,Tesla
5/3/2016,237.36,238.91,231.62,232.32,4000769,0,Tesla
5/4/2016,230.29,234.46,220.4,222.56,7161067,0,Tesla
5/5/2016,228.46,228.64,209.79,211.53,10952049,0,Tesla
5/6/2016,210.87,216.37,208.11,214.93,5003497,0,Tesla
5/9/2016,215.72,216.15,206.8,208.92,4520062,0,Tesla
5/10/2016,207.55,209.47,205.0,208.69,3491633,0,Tesla
5/11/2016,207.59,215.48,206.05,208.96,5042386,0,Tesla
5/12/2016,211.44,211.67,203.657,207.2,3066746,0,Tesla
5/13/2016,207.78,211.2,206.7,207.61,2401971,0,Tesla
5/16/2016,208.15,213.15,207.92,208.29,2474446,0,Tesla
5/17/2016,209.05,209.82,204.02,204.66,2303002,0,Tesla
5/18/2016,209.15,215.31,207.75,211.17,4454848,0,Tesla
5/19/2016,213.62,216.79,207.3,215.21,6582419,0,Tesla
5/20/2016,216.99,220.55,216.35,220.28,8635216,0,Tesla
5/23/2016,219.87,222.6,215.86,216.22,4335487,0,Tesla
5/24/2016,216.6,218.74,215.18,217.91,2928659,0,Tesla
5/25/2016,217.91,221.36,216.51,219.58,2514028,0,Tesla
5/26/2016,220.5,225.26,219.05,225.12,3560997,0,Tesla
5/27/2016,224.99,225.93,220.75,223.04,3081734,0,Tesla
5/31/2016,223.04,224.75,221.5,223.23,2046828,0,Tesla
6/1/2016,221.48,222.4,216.89,219.56,2549934,0,Tesla
6/2/2016,219.59,219.909,217.11,218.96,1670749,0,Tesla
6/3/2016,220.0,221.94,218.01,218.99,1897954,0,Tesla
6/6/2016,218.0,220.9,215.45,220.68,1901580,0,Tesla
6/7/2016,222.24,234.44,221.52,232.34,5530952,0,Tesla
6/8/2016,233.8,240.845,232.605,235.52,5092613,0,Tesla
6/9/2016,234.98,235.33,227.06,229.36,4145457,0,Tesla
6/10/2016,227.39,227.97,218.422,218.79,5278017,0,Tesla
6/13/2016,219.5,225.77,217.66,217.87,3585438,0,Tesla
6/14/2016,218.88,222.2,212.53,214.95,2941462,0,Tesla
6/15/2016,216.95,221.9,215.13,217.7,2780560,0,Tesla
6/16/2016,217.42,218.04,213.5,217.93,2098911,0,Tesla
6/17/2016,217.81,219.99,214.5,215.48,2605683,0,Tesla
6/20/2016,219.5,223.75,218.23,219.7,3020866,0,Tesla
6/21/2016,220.68,222.569,218.81,219.61,2226694,0,Tesla
6/22/2016,199.47,205.95,195.75,196.66,22631149,0,Tesla
6/23/2016,195.69,197.55,192.13,196.4,9464787,0,Tesla
6/24/2016,190.05,195.12,189.73,193.15,5854728,0,Tesla
6/27/2016,190.86,198.81,187.87,198.55,6779769,0,Tesla
6/28/2016,201.89,204.05,199.41,201.79,5725343,0,Tesla
6/29/2016,205.13,211.78,203.0,210.16,4601420,0,Tesla
6/30/2016,212.97,213.5,209.02,212.28,3611804,0,Tesla
7/1/2016,206.14,218.24,206.0,216.5,4759573,0,Tesla
7/5/2016,209.73,214.544,208.0,213.98,4434881,0,Tesla
7/6/2016,210.0,215.23,209.0,214.44,4408957,0,Tesla
7/7/2016,213.1,218.12,213.01,215.94,2738871,0,Tesla
7/8/2016,217.8,219.81,214.5,216.78,3209618,0,Tesla
7/11/2016,219.96,226.78,219.51,224.78,4733773,0,Tesla
7/12/2016,224.1,227.5,223.22,224.65,4004195,0,Tesla
7/13/2016,225.5,225.59,220.29,222.53,2885761,0,Tesla
7/14/2016,223.12,224.94,221.05,221.53,2190373,0,Tesla
7/15/2016,222.52,222.75,219.64,220.37,1784153,0,Tesla
7/18/2016,219.64,227.09,218.3,226.25,2894015,0,Tesla
7/19/2016,225.0,229.1,224.75,225.26,2783923,0,Tesla
7/20/2016,226.47,229.8,225.0,228.36,2295648,0,Tesla
7/21/2016,226.0,227.847,219.1,220.5,3753150,0,Tesla
7/22/2016,221.99,224.5,218.88,222.27,2437326,0,Tesla
7/25/2016,222.27,231.39,221.372,230.01,3852884,0,Tesla
7/26/2016,227.69,230.0,225.3,229.51,3039023,0,Tesla
7/27/2016,229.34,233.36,226.92,228.49,2365669,0,Tesla
7/28/2016,227.95,230.76,226.6,230.61,2131840,0,Tesla
7/29/2016,230.7,235.28,230.24,234.79,2908610,0,Tesla
8/1/2016,235.5,236.63,229.38,230.01,3790147,0,Tesla
8/2/2016,229.37,229.87,221.4,227.2,3599106,0,Tesla
8/3/2016,227.37,229.699,224.21,225.58,2730615,0,Tesla
8/4/2016,225.69,230.86,222.05,230.61,3448697,0,Tesla
8/5/2016,230.0,232.0,227.4,230.03,2538457,0,Tesla
8/8/2016,228.0,229.6,226.09,226.16,1797782,0,Tesla
8/9/2016,226.82,231.538,226.65,229.08,1734218,0,Tesla
8/10/2016,228.24,229.87,224.62,225.65,1859500,0,Tesla
8/11/2016,226.17,227.57,223.41,224.91,1638993,0,Tesla
8/12/2016,225.41,226.65,224.04,225.61,1480909,0,Tesla
8/15/2016,226.02,229.5,224.93,225.59,1657280,0,Tesla
8/16/2016,225.49,227.19,223.41,223.61,1702132,0,Tesla
8/17/2016,224.33,224.83,222.8,223.24,1435311,0,Tesla
8/18/2016,223.82,225.66,222.29,223.51,1645768,0,Tesla
8/19/2016,223.54,225.169,222.53,225.0,1266596,0,Tesla
8/22/2016,224.17,225.11,222.68,222.93,1727526,0,Tesla
8/23/2016,224.32,228.49,222.8,224.84,4115106,0,Tesla
8/24/2016,227.05,227.15,222.22,222.62,2056602,0,Tesla
8/25/2016,223.11,223.8,220.77,220.96,1580160,0,Tesla
8/26/2016,222.14,222.855,218.82,219.99,1871069,0,Tesla
8/29/2016,220.15,220.4,215.0,215.2,2766023,0,Tesla
8/30/2016,216.11,216.11,210.52,211.34,2619588,0,Tesla
8/31/2016,210.43,212.6,208.65,212.01,3016827,0,Tesla
9/1/2016,209.01,211.1,200.5,200.77,6765259,0,Tesla
9/2/2016,202.33,203.2,196.2,197.78,5368761,0,Tesla
9/6/2016,199.02,203.25,199.0,202.82,4220936,0,Tesla
9/7/2016,205.5,206.497,200.71,201.7,2660978,0,Tesla
9/8/2016,199.55,199.89,196.36,197.36,3140593,0,Tesla
9/9/2016,199.09,199.92,193.7,194.47,3103198,0,Tesla
9/12/2016,195.0,201.369,194.1,198.3,3045470,0,Tesla
9/13/2016,197.06,198.49,193.45,196.05,2947851,0,Tesla
9/14/2016,195.75,197.925,194.856,196.41,1750864,0,Tesla
9/15/2016,196.49,202.519,196.4,200.22,2192932,0,Tesla
9/16/2016,200.42,205.7,199.0,205.4,2418090,0,Tesla
9/19/2016,207.0,209.43,205.0,206.34,1895855,0,Tesla
9/20/2016,206.85,207.75,203.91,204.64,1657410,0,Tesla
9/21/2016,206.37,207.0,201.56,205.22,2086336,0,Tesla
9/22/2016,206.4,207.28,203.0,206.43,2334870,0,Tesla
9/23/2016,205.99,210.18,205.67,207.45,2688442,0,Tesla
9/26/2016,206.5,211.0,206.5,208.99,2301225,0,Tesla
9/27/2016,209.65,209.982,204.609,205.81,2517231,0,Tesla
9/28/2016,207.51,208.25,205.26,206.27,1369885,0,Tesla
9/29/2016,205.6,207.33,200.58,200.7,2333099,0,Tesla
9/30/2016,202.21,204.98,199.55,204.03,2455082,0,Tesla
10/3/2016,212.3,215.669,208.25,213.7,5321524,0,Tesla
10/4/2016,213.1,213.32,208.82,211.41,3036625,0,Tesla
10/5/2016,212.24,213.15,208.12,208.46,1580397,0,Tesla
10/6/2016,202.46,204.21,200.21,201.0,4506877,0,Tesla
10/7/2016,201.0,201.32,195.8,196.61,2944927,0,Tesla
10/10/2016,201.35,204.14,199.66,200.95,2894705,0,Tesla
10/11/2016,201.85,202.2,198.31,200.1,2237785,0,Tesla
10/12/2016,200.95,203.88,200.42,201.51,1671211,0,Tesla
10/13/2016,200.5,200.895,197.05,200.24,2209150,0,Tesla
10/14/2016,200.66,201.43,196.3,196.51,3194201,0,Tesla
10/17/2016,197.05,198.39,192.0,193.96,3888796,0,Tesla
10/18/2016,195.99,199.47,193.26,199.1,4921260,0,Tesla
10/19/2016,199.74,206.66,198.06,203.56,5640708,0,Tesla
10/20/2016,202.12,203.0,197.05,199.1,4329868,0,Tesla
10/21/2016,198.6,201.57,197.41,200.09,2205166,0,Tesla
10/24/2016,201.0,203.945,200.25,202.76,2663942,0,Tesla
10/25/2016,202.9,204.69,201.2,202.34,2181229,0,Tesla
10/26/2016,201.0,203.19,200.1,202.24,3201936,0,Tesla
10/27/2016,211.34,213.7,201.65,204.01,12785602,0,Tesla
10/28/2016,204.0,205.32,199.83,199.97,4202047,0,Tesla
10/31/2016,202.49,202.49,195.81,197.73,4692273,0,Tesla
11/1/2016,198.04,198.5,188.105,190.79,7060036,0,Tesla
11/2/2016,190.05,192.695,187.505,188.02,4253382,0,Tesla
11/3/2016,189.0,191.47,187.04,187.42,2653023,0,Tesla
11/4/2016,189.0,193.46,185.96,190.56,5146043,0,Tesla
11/7/2016,193.59,194.29,190.05,193.21,3781927,0,Tesla
11/8/2016,193.79,197.49,191.26,194.94,3170981,0,Tesla
11/9/2016,186.875,192.0,183.95,190.06,8131514,0,Tesla
11/10/2016,191.05,191.61,180.42,185.35,6662170,0,Tesla
11/11/2016,184.24,188.88,183.0,188.56,3902576,0,Tesla
11/14/2016,188.0,188.25,178.19,181.45,6552205,0,Tesla
11/15/2016,182.78,186.43,182.05,183.77,3902018,0,Tesla
11/16/2016,182.65,184.73,181.21,183.93,3405210,0,Tesla
11/17/2016,183.49,189.49,182.11,188.66,4521052,0,Tesla
11/18/2016,190.65,193.0,185.0,185.02,5180275,0,Tesla
11/21/2016,185.04,188.89,184.41,184.7,4329418,0,Tesla
11/22/2016,185.84,191.47,183.71,191.17,5567401,0,Tesla
11/23/2016,190.61,195.644,189.0,193.14,4681343,0,Tesla
11/25/2016,193.64,197.237,193.64,196.65,2322216,0,Tesla
11/28/2016,195.48,199.35,194.55,196.12,4399315,0,Tesla
11/29/2016,195.56,196.73,189.5,189.57,4327215,0,Tesla
11/30/2016,191.0,191.89,187.5,189.4,3433565,0,Tesla
12/1/2016,188.25,188.53,181.0,181.88,4984959,0,Tesla
12/2/2016,182.88,184.88,180.0,181.47,3961543,0,Tesla
12/5/2016,182.51,188.89,182.51,186.8,3928750,0,Tesla
12/6/2016,185.52,186.58,182.683,185.85,3350536,0,Tesla
12/7/2016,186.15,193.4,185.0,193.14,5312421,0,Tesla
12/8/2016,192.05,192.5,189.54,192.29,3108464,0,Tesla
12/9/2016,190.87,193.836,190.81,192.18,2692753,0,Tesla
12/12/2016,192.8,194.42,191.04,192.43,2404013,0,Tesla
12/13/2016,193.18,201.28,193.0,198.15,6647682,0,Tesla
12/14/2016,198.74,203.0,196.76,198.69,4126524,0,Tesla
12/15/2016,198.41,200.74,197.39,197.58,3156620,0,Tesla
12/16/2016,198.08,202.59,197.6,202.49,3645735,0,Tesla
12/19/2016,202.49,204.45,199.84,202.73,3403226,0,Tesla
12/20/2016,203.05,209.0,202.5,208.79,4621849,0,Tesla
12/21/2016,208.45,212.23,207.41,207.7,5089610,0,Tesla
12/22/2016,208.22,209.99,206.5,208.45,3030425,0,Tesla
12/23/2016,208.0,213.45,207.71,213.34,4282248,0,Tesla
12/27/2016,214.88,222.25,214.42,219.53,5688417,0,Tesla
12/28/2016,221.53,223.8,217.2,219.74,3685700,0,Tesla
12/29/2016,218.56,219.2,214.123,214.65,3947186,0,Tesla
12/30/2016,216.3,217.5,211.68,213.69,4642620,0,Tesla
1/3/2017,214.86,220.33,210.96,216.99,5529103,0,Tesla
1/4/2017,214.75,228.0,214.31,226.99,11125409,0,Tesla
1/5/2017,226.42,227.48,221.95,226.75,5855477,0,Tesla
1/6/2017,226.93,230.31,225.45,229.01,5464390,0,Tesla
1/9/2017,228.97,231.92,228.0,231.28,3912905,0,Tesla
1/10/2017,232.0,232.0,226.89,229.87,3596489,0,Tesla
1/11/2017,229.07,229.98,226.68,229.73,3419709,0,Tesla
1/12/2017,229.06,230.7,225.58,229.59,3715994,0,Tesla
1/13/2017,230.0,237.85,229.59,237.75,5999036,0,Tesla
1/17/2017,236.7,239.96,234.37,235.58,4599431,0,Tesla
1/18/2017,236.65,239.71,235.58,238.36,3717367,0,Tesla
1/19/2017,247.25,248.68,240.75,243.76,7588308,0,Tesla
1/20/2017,245.46,246.0,243.01,244.73,3779300,0,Tesla
1/23/2017,245.85,250.89,245.5,248.92,5933842,0,Tesla
1/24/2017,250.0,254.8,249.65,254.61,4780599,0,Tesla
1/25/2017,257.31,258.46,251.8,254.47,5115499,0,Tesla
1/26/2017,254.29,255.74,250.75,252.51,3069385,0,Tesla
1/27/2017,251.38,253.0,248.52,252.96,3041815,0,Tesla
1/30/2017,252.53,255.29,247.1,250.62,3662381,0,Tesla
1/31/2017,249.24,255.89,247.7,251.93,4052857,0,Tesla
2/1/2017,253.05,253.2,249.05,249.24,3922415,0,Tesla
2/2/2017,248.34,252.42,247.71,251.54,2417989,0,Tesla
2/3/2017,251.91,252.179,249.68,251.33,2186723,0,Tesla
2/6/2017,251.0,257.82,250.63,257.77,3521545,0,Tesla
2/7/2017,258.19,260.0,256.42,257.48,4059343,0,Tesla
2/8/2017,257.35,263.36,256.2,262.08,3880660,0,Tesla
2/9/2017,266.25,271.18,266.15,269.2,7691836,0,Tesla
2/10/2017,269.79,270.95,266.11,269.23,3591127,0,Tesla
2/13/2017,270.74,280.79,270.51,280.6,6892941,0,Tesla
2/14/2017,279.03,287.39,278.61,280.98,7192881,0,Tesla
2/15/2017,280.0,282.24,276.44,279.76,4909892,0,Tesla
2/16/2017,277.6,280.0,268.5,268.95,7022600,0,Tesla
2/17/2017,265.8,272.89,264.15,272.23,6122976,0,Tesla
2/21/2017,275.45,281.4,274.01,277.39,5606590,0,Tesla
2/22/2017,280.31,283.45,272.6,273.51,7430914,0,Tesla
2/23/2017,264.0,264.66,255.56,255.99,14825808,0,Tesla
2/24/2017,252.66,258.25,250.2,257.0,8119605,0,Tesla
2/27/2017,248.17,248.36,242.01,246.23,11213033,0,Tesla
2/28/2017,244.19,251.0,243.9,249.99,5946842,0,Tesla
3/1/2017,254.18,254.85,249.11,250.02,4779494,0,Tesla
3/2/2017,249.71,253.28,248.27,250.48,3321711,0,Tesla
3/3/2017,250.74,251.9,249.0,251.57,2907840,0,Tesla
3/6/2017,247.91,251.7,247.51,251.21,3287229,0,Tesla
3/7/2017,251.92,253.89,248.32,248.59,3341840,0,Tesla
3/8/2017,247.0,250.07,245.32,246.83,3643671,0,Tesla
3/9/2017,247.63,248.66,243.0,244.9,3852052,0,Tesla
3/10/2017,246.21,246.5,243.0,243.69,3009717,0,Tesla
3/13/2017,244.39,246.85,242.781,246.17,3022625,0,Tesla
3/14/2017,246.11,258.12,246.02,258.0,7598446,0,Tesla
3/15/2017,257.0,261.0,254.27,255.73,5330806,0,Tesla
3/16/2017,262.4,265.75,259.06,262.05,7132153,0,Tesla
3/17/2017,264.0,265.33,261.2,261.5,5912477,0,Tesla
3/20/2017,260.6,264.55,258.821,261.92,3614294,0,Tesla
3/21/2017,262.83,264.8,250.24,250.68,6908554,0,Tesla
3/22/2017,251.56,255.07,250.51,255.01,4059297,0,Tesla
3/23/2017,255.39,257.672,253.3,254.78,3320245,0,Tesla
3/24/2017,255.7,263.89,255.01,263.16,5532414,0,Tesla
3/27/2017,260.6,270.57,259.75,270.22,6089705,0,Tesla
3/28/2017,277.02,280.68,275.0,277.45,7781113,0,Tesla
3/29/2017,278.34,279.6,275.54,277.38,3562790,0,Tesla
3/30/2017,278.04,282.0,277.21,277.92,4066603,0,Tesla
3/31/2017,278.73,279.68,276.32,278.3,3224621,0,Tesla
4/3/2017,286.9,299.0,284.58,298.52,13888618,0,Tesla
4/4/2017,296.89,304.81,294.53,303.68,9975249,0,Tesla
4/5/2017,302.04,304.88,294.2,295.0,7781867,0,Tesla
4/6/2017,296.88,301.94,294.1,298.7,5450176,0,Tesla
4/7/2017,297.5,302.69,297.15,302.54,4579613,0,Tesla
4/10/2017,309.15,313.73,308.71,312.39,7582587,0,Tesla
4/11/2017,313.38,313.47,305.5,308.71,5724577,0,Tesla
4/12/2017,306.34,308.448,296.32,296.84,5925683,0,Tesla
4/13/2017,296.7,307.39,295.3,304.0,9175128,0,Tesla
4/17/2017,302.7,304.0,298.68,301.44,4053657,0,Tesla
4/18/2017,299.7,300.84,297.9,300.25,2868087,0,Tesla
4/19/2017,302.46,306.62,302.11,305.52,3741336,0,Tesla
4/20/2017,306.51,309.15,300.23,302.51,5898135,0,Tesla
4/21/2017,302.0,306.4,300.42,305.6,4420451,0,Tesla
4/24/2017,309.22,310.55,306.022,308.03,5078530,0,Tesla
4/25/2017,308.0,313.98,305.86,313.79,6734967,0,Tesla
4/26/2017,312.37,314.5,309.0,310.17,4689098,0,Tesla
4/27/2017,311.69,313.09,307.5,308.63,3463268,0,Tesla
4/28/2017,309.83,314.8,308.0,314.07,4505478,0,Tesla
5/1/2017,314.88,327.25,314.81,322.83,8821106,0,Tesla
5/2/2017,324.0,327.66,316.56,318.89,5317939,0,Tesla
5/3/2017,317.67,321.53,310.45,311.02,6906462,0,Tesla
5/4/2017,307.435,307.77,290.76,295.46,14138529,0,Tesla
5/5/2017,298.0,308.55,296.8,308.35,8177347,0,Tesla
5/8/2017,310.9,313.79,305.82,307.19,7003468,0,Tesla
5/9/2017,309.38,321.99,309.1,321.26,9664729,0,Tesla
5/10/2017,321.56,325.5,318.12,325.22,5735245,0,Tesla
5/11/2017,323.4,326.0,319.6,323.1,4747713,0,Tesla
5/12/2017,325.48,327.0,321.53,324.81,4117295,0,Tesla
5/15/2017,318.38,320.2,312.53,315.88,7607513,0,Tesla
5/16/2017,317.59,320.06,315.14,317.01,4141969,0,Tesla
5/17/2017,314.39,314.63,305.5,306.0,6696073,0,Tesla
5/18/2017,307.0,313.94,305.31,313.06,5653801,0,Tesla
5/19/2017,315.5,316.5,310.2,310.83,4652665,0,Tesla
5/22/2017,312.8,314.37,306.8,310.35,4324962,0,Tesla
5/23/2017,310.46,310.73,303.48,303.86,4315220,0,Tesla
5/24/2017,306.51,311.0,305.4,310.22,5036986,0,Tesla
5/25/2017,311.02,316.97,307.81,316.83,5004038,0,Tesla
5/26/2017,317.28,325.49,316.31,325.14,7791970,0,Tesla
5/30/2017,326.0,336.28,325.76,335.1,7772629,0,Tesla
5/31/2017,337.69,342.89,335.16,341.01,9937889,0,Tesla
6/1/2017,344.0,344.88,337.29,340.37,7602583,0,Tesla
6/2/2017,339.77,342.88,335.93,339.85,5583664,0,Tesla
6/5/2017,338.5,348.44,334.21,347.32,6770516,0,Tesla
6/6/2017,344.7,359.493,339.97,352.8,11059386,0,Tesla
6/7/2017,356.34,360.5,355.14,359.65,9352188,0,Tesla
6/8/2017,363.75,371.9,360.22,370.0,9030052,0,Tesla
6/9/2017,374.42,376.87,354.8,357.32,17251584,0,Tesla
6/12/2017,357.99,364.5,350.62,359.01,10508261,0,Tesla
6/13/2017,367.62,376.0,366.61,375.95,11778111,0,Tesla
6/14/2017,381.085,384.25,376.31,380.66,12783558,0,Tesla
6/15/2017,372.5,375.46,366.49,375.34,10416088,0,Tesla
6/16/2017,377.975,378.01,370.1,371.4,6350378,0,Tesla
6/19/2017,375.0,376.7,367.8,369.8,6472928,0,Tesla
6/20/2017,376.67,378.88,369.73,372.24,7421638,0,Tesla
6/21/2017,374.35,376.99,368.02,376.4,4923210,0,Tesla
6/22/2017,377.99,385.0,373.57,382.61,7514282,0,Tesla
6/23/2017,382.45,386.99,379.345,383.45,6426666,0,Tesla
6/26/2017,386.69,386.95,373.1,377.49,6597603,0,Tesla
6/27/2017,376.4,376.4,362.02,362.37,6979954,0,Tesla
6/28/2017,366.68,371.74,362.52,371.24,6293162,0,Tesla
6/29/2017,370.61,371.0,354.1,360.75,8204552,0,Tesla
6/30/2017,363.71,366.767,359.619,361.61,5826818,0,Tesla
7/3/2017,370.24,371.35,351.5,352.5,6305401,0,Tesla
7/5/2017,347.2,347.24,326.33,327.09,17005963,0,Tesla
7/6/2017,317.26,320.79,306.3,308.83,19275954,0,Tesla
7/7/2017,313.5,317.0,307.38,313.22,14134892,0,Tesla
7/10/2017,312.9,317.94,303.13,316.05,13780268,0,Tesla
7/11/2017,316.0,327.28,314.3,327.22,11528093,0,Tesla
7/12/2017,330.4,333.1,324.5,329.52,10323843,0,Tesla
7/13/2017,330.11,331.6,319.97,323.41,8583086,0,Tesla
7/14/2017,323.19,328.42,321.22,327.78,5608043,0,Tesla
7/17/2017,325.54,327.1,313.45,319.57,9830078,0,Tesla
7/18/2017,317.5,329.13,315.66,328.24,6365551,0,Tesla
7/19/2017,328.23,331.65,323.219,325.26,6348887,0,Tesla
7/20/2017,326.9,330.22,324.2,329.92,5145881,0,Tesla
7/21/2017,329.46,331.258,325.8,328.4,4871775,0,Tesla
7/24/2017,330.24,343.399,330.01,342.52,8599011,0,Tesla
7/25/2017,345.0,345.6,334.15,339.6,6980113,0,Tesla
7/26/2017,340.36,345.5,338.12,343.85,4810519,0,Tesla
7/27/2017,346.0,347.5,326.29,334.46,8286495,0,Tesla
7/28/2017,336.89,339.6,332.51,335.07,4873053,0,Tesla
7/31/2017,335.5,341.49,321.04,323.47,8526933,0,Tesla
8/1/2017,323.0,324.45,316.13,319.57,8287814,0,Tesla
8/2/2017,318.94,327.12,311.22,325.89,12091303,0,Tesla
8/3/2017,345.33,350.0,343.15,347.077,13526360,0,Tesla
8/4/2017,347.0,357.27,343.3,356.91,9238520,0,Tesla
8/7/2017,357.35,359.48,352.75,355.17,6309779,0,Tesla
8/8/2017,357.53,368.58,357.4,365.22,7432673,0,Tesla
8/9/2017,361.0,370.0,358.95,363.53,6882093,0,Tesla
8/10/2017,361.6,366.65,354.66,355.4,7069015,0,Tesla
8/11/2017,356.97,361.26,353.62,357.87,4358686,0,Tesla
8/14/2017,364.63,367.66,362.6,363.8,4508389,0,Tesla
8/15/2017,365.2,365.49,359.37,362.33,3077200,0,Tesla
8/16/2017,363.0,366.5,362.52,362.91,3406736,0,Tesla
8/17/2017,361.21,363.3,351.59,351.92,5011609,0,Tesla
8/18/2017,352.91,354.0,345.8,347.46,5397864,0,Tesla
8/21/2017,345.82,345.82,331.85,337.86,6490288,0,Tesla
8/22/2017,341.13,342.24,337.373,341.35,4315392,0,Tesla
8/23/2017,338.99,353.49,338.304,352.77,4942609,0,Tesla
8/24/2017,352.52,356.66,349.74,352.93,4576004,0,Tesla
8/25/2017,354.24,355.69,347.3,348.05,3475491,0,Tesla
8/28/2017,347.28,347.35,339.72,345.66,3749288,0,Tesla
8/29/2017,339.48,349.05,338.75,347.36,4069377,0,Tesla
8/30/2017,349.67,353.47,347.0,353.18,3404219,0,Tesla
8/31/2017,353.55,358.44,352.82,355.9,4065690,0,Tesla
9/1/2017,356.12,357.59,353.69,355.4,3048895,0,Tesla
9/5/2017,353.8,355.49,345.89,349.59,3843028,0,Tesla
9/6/2017,349.5,350.979,341.56,344.53,4082901,0,Tesla
9/7/2017,345.98,352.48,343.45,350.61,4235606,0,Tesla
9/8/2017,348.99,349.78,342.3,343.4,3261389,0,Tesla
9/11/2017,351.35,363.71,350.0,363.69,7651647,0,Tesla
9/12/2017,364.49,368.76,360.4,362.75,5966716,0,Tesla
9/13/2017,363.82,368.07,359.59,366.23,4172033,0,Tesla
9/14/2017,364.33,377.96,362.63,377.64,7171437,0,Tesla
9/15/2017,374.51,380.0,372.7,379.81,5409018,0,Tesla
9/18/2017,380.25,389.61,377.68,385.0,7179287,0,Tesla
9/19/2017,380.0,382.39,373.57,375.1,6440275,0,Tesla
9/20/2017,373.0,378.249,371.07,373.91,4910883,0,Tesla
9/21/2017,374.9,376.83,364.51,366.48,4612621,0,Tesla
9/22/2017,366.49,369.9,350.88,351.09,8144339,0,Tesla
9/25/2017,353.15,357.469,342.88,344.99,7587395,0,Tesla
9/26/2017,350.93,351.24,340.9,345.25,7150632,0,Tesla
9/27/2017,349.9,351.489,340.5,340.97,6029596,0,Tesla
9/28/2017,339.88,342.75,335.4,339.6,5311877,0,Tesla
9/29/2017,341.86,344.68,338.601,341.02,5099112,0,Tesla
10/2/2017,342.52,343.7,335.51,341.53,5243618,0,Tesla
10/3/2017,335.9,348.55,331.28,348.14,10126541,0,Tesla
10/4/2017,351.25,358.62,349.6,355.01,8148594,0,Tesla
10/5/2017,356.0,357.435,351.35,355.14,4168161,0,Tesla
10/6/2017,353.1,360.099,352.25,356.834,4277878,0,Tesla
10/9/2017,349.65,351.75,342.67,342.94,7464351,0,Tesla
10/10/2017,346.8,355.63,345.531,355.59,6972552,0,Tesla
10/11/2017,353.89,357.6,351.15,354.6,4495328,0,Tesla
10/12/2017,352.95,359.78,352.64,355.68,4075519,0,Tesla
10/13/2017,356.98,358.49,353.68,355.57,3538958,0,Tesla
10/16/2017,353.76,354.48,347.16,350.6,5373410,0,Tesla
10/17/2017,350.91,356.22,350.07,355.75,3290317,0,Tesla
10/18/2017,355.97,363.0,354.13,359.65,4936166,0,Tesla
10/19/2017,355.56,357.147,348.2,351.81,5056722,0,Tesla
10/20/2017,352.69,354.55,344.34,345.1,4926667,0,Tesla
10/23/2017,349.88,349.95,336.25,337.02,5740366,0,Tesla
10/24/2017,338.8,342.8,336.16,337.34,4488426,0,Tesla
10/25/2017,336.7,337.5,323.56,325.84,8584204,0,Tesla
10/26/2017,327.78,330.23,323.2,326.17,5012087,0,Tesla
10/27/2017,319.75,324.59,316.66,320.87,6970118,0,Tesla
10/30/2017,319.18,323.78,317.25,320.08,4254378,0,Tesla
10/31/2017,320.23,331.95,320.18,331.53,5672347,0,Tesla
11/1/2017,332.25,332.609,320.26,321.08,8457336,0,Tesla
11/2/2017,300.13,308.69,292.63,299.26,19791416,0,Tesla
11/3/2017,299.5,306.25,295.13,306.09,8893974,0,Tesla
11/6/2017,307.0,307.5,299.01,302.78,6482486,0,Tesla
11/7/2017,301.02,306.5,300.03,306.05,5286320,0,Tesla
11/8/2017,305.5,306.89,301.3,304.31,4725510,0,Tesla
11/9/2017,302.5,304.46,296.3,302.99,5440335,0,Tesla
11/10/2017,302.5,308.36,301.85,302.99,4621912,0,Tesla
